-- MariaDB dump 10.17  Distrib 10.4.15-MariaDB, for Linux (x86_64)
--
-- Host: mysql.hostinger.ro    Database: u574849695_18
-- ------------------------------------------------------
-- Server version	10.4.15-MariaDB-cll-lve

/*!40101 SET @OLD_CHARACTER_SET_CLIENT=@@CHARACTER_SET_CLIENT */;
/*!40101 SET @OLD_CHARACTER_SET_RESULTS=@@CHARACTER_SET_RESULTS */;
/*!40101 SET @OLD_COLLATION_CONNECTION=@@COLLATION_CONNECTION */;
/*!40101 SET NAMES utf8mb4 */;
/*!40103 SET @OLD_TIME_ZONE=@@TIME_ZONE */;
/*!40103 SET TIME_ZONE='+00:00' */;
/*!40014 SET @OLD_UNIQUE_CHECKS=@@UNIQUE_CHECKS, UNIQUE_CHECKS=0 */;
/*!40014 SET @OLD_FOREIGN_KEY_CHECKS=@@FOREIGN_KEY_CHECKS, FOREIGN_KEY_CHECKS=0 */;
/*!40101 SET @OLD_SQL_MODE=@@SQL_MODE, SQL_MODE='NO_AUTO_VALUE_ON_ZERO' */;
/*!40111 SET @OLD_SQL_NOTES=@@SQL_NOTES, SQL_NOTES=0 */;

--
-- Table structure for table `communities`
--

DROP TABLE IF EXISTS `communities`;
/*!40101 SET @saved_cs_client     = @@character_set_client */;
/*!40101 SET character_set_client = utf8 */;
CREATE TABLE `communities` (
  `id` bigint(20) unsigned NOT NULL AUTO_INCREMENT,
  `name` varchar(145) COLLATE utf8mb4_unicode_ci NOT NULL,
  `description` varchar(245) COLLATE utf8mb4_unicode_ci DEFAULT NULL,
  `admin_id` bigint(20) unsigned NOT NULL,
  PRIMARY KEY (`id`),
  KEY `fk_communities_users_admin_idx` (`admin_id`),
  CONSTRAINT `fk_communities_users` FOREIGN KEY (`admin_id`) REFERENCES `users` (`id`)
) ENGINE=InnoDB AUTO_INCREMENT=51 DEFAULT CHARSET=utf8mb4 COLLATE=utf8mb4_unicode_ci;
/*!40101 SET character_set_client = @saved_cs_client */;

--
-- Dumping data for table `communities`
--

LOCK TABLES `communities` WRITE;
/*!40000 ALTER TABLE `communities` DISABLE KEYS */;
INSERT INTO `communities` VALUES (1,'molestiae','Ut molestiae est dolor quasi. Incidunt rerum ex saepe nemo repudiandae. Earum quam sapiente soluta deleniti accusantium quas.',1),(2,'molestiae','Quia officia consequatur id perspiciatis autem. Reiciendis praesentium asperiores quos et autem at totam. Alias ut iste rem ipsa eos. Debitis porro et voluptatem cupiditate id.',2),(3,'nam','Vel at vel aperiam recusandae eaque quisquam numquam odit. Magni commodi veniam asperiores rerum commodi. Voluptatem repudiandae quis culpa et suscipit quia nostrum. Ipsam hic sapiente ut.',3),(4,'iusto','Et inventore perspiciatis nesciunt in ab vero ut. Reiciendis sed tempora facilis voluptates. Nihil animi praesentium dolor aut. Qui non vel quia a quaerat autem non maxime. Aut laboriosam impedit beatae nostrum vero quis in.',4),(5,'sit','Asperiores modi dolor et impedit quaerat quas. Consequatur dolor tempora tenetur quos occaecati qui. Beatae vero modi quos dolorum. Voluptatem vel non molestias nemo at dolores.',5),(6,'praesentium','Tempore modi commodi molestias ut enim aut. Et repellendus et odio quisquam dolorem dolore. In rem voluptate voluptate sed porro sunt ipsum. Corrupti debitis vel nemo sint commodi nesciunt numquam.',6),(7,'libero','Sed odit et rerum fuga totam est labore aspernatur. Hic qui molestiae consectetur possimus veniam dolor nihil. Dolores dicta alias doloremque aut nam error.',7),(8,'corrupti','Odit suscipit pariatur corrupti hic voluptatibus vel dolorem vel. Quis alias doloribus ut et et dolores. Facilis sint qui quisquam libero. Nemo voluptatibus velit dicta provident voluptas qui id.',8),(9,'hic','Dignissimos ab facere et temporibus quis fugit quasi qui. Architecto consequuntur delectus ab itaque et beatae aliquid. A vitae cupiditate magni quaerat et fugit ut.',9),(10,'temporibus','Labore sed ullam ut facere et illo animi. Quo assumenda sit tenetur blanditiis perferendis.',10),(11,'assumenda','Neque doloremque tempora non exercitationem cum esse iste tempora. Nemo reiciendis dolore ab temporibus. Autem sed error ullam qui.',11),(12,'aut','Omnis nostrum eum quia sed at aut voluptas. Voluptas et exercitationem consequuntur. Fugiat non rerum autem nulla numquam magni. Non eligendi accusamus corrupti reprehenderit quia quas et vel.',12),(13,'sapiente','Et reprehenderit modi nisi aut voluptatem voluptatem voluptatibus voluptas. Omnis saepe ut doloribus voluptatem laudantium consectetur error. Perspiciatis impedit aut ipsam vel voluptatem repellat quo. Autem explicabo vero voluptatem consequatur',13),(14,'ab','Et sequi ducimus qui et similique. Possimus quod exercitationem quos dignissimos. Voluptatum temporibus doloribus velit molestiae iste et animi.',14),(15,'eveniet','Earum aut voluptatem ab et est hic. Corporis quis reprehenderit vero et fuga aspernatur. Repellendus est quaerat suscipit modi est quia. Qui delectus omnis qui.',15),(16,'mollitia','Modi mollitia sit quia quaerat temporibus quibusdam. Debitis ut accusamus et qui repellat. Tempore nesciunt fuga doloribus et blanditiis voluptatem laudantium.',16),(17,'cumque','Rem est et doloribus aut quaerat optio. Necessitatibus officiis necessitatibus praesentium enim maxime eum aspernatur. Magni consequatur ut aut qui suscipit eum voluptate hic. Quia praesentium exercitationem non quasi minima.',17),(18,'ut','Eos blanditiis impedit a facere et autem. Esse omnis nisi ab ratione sapiente soluta omnis. Id et adipisci optio.',18),(19,'eos','Asperiores vel est cum consequuntur earum. Ut voluptates sunt dignissimos amet eos veniam optio. Delectus id magni provident corporis harum harum.',19),(20,'vel','Modi est aut voluptatem qui repellendus. Id molestiae omnis magnam porro. Laudantium qui aspernatur omnis quis vel harum non. Commodi impedit et quibusdam excepturi.',20),(21,'aut','Quis necessitatibus inventore autem blanditiis. Saepe atque rem laborum qui esse suscipit. Deleniti eum qui modi repudiandae sint voluptatem repudiandae qui. Est error ullam consequatur nemo voluptas.',21),(22,'error','Mollitia dolor vitae ipsa velit ad. Eos sed molestiae repellendus temporibus. Tempora qui ab explicabo dolorem.',22),(23,'quis','Dignissimos doloribus et qui est dolor. Aut at corrupti ad. Ducimus qui nihil porro iusto nam laboriosam. Et officia qui earum.',23),(24,'quibusdam','Sit veniam sit aliquam non quia harum. Sit impedit et harum sint. Enim voluptates ipsa et quia.',24),(25,'dolorem','Placeat ratione neque enim aut libero maxime nihil. Eveniet illum eos architecto impedit mollitia totam. Voluptates id nulla labore animi eligendi.',25),(26,'iste','Nesciunt exercitationem accusamus ea cumque excepturi nesciunt odio autem. Nihil non amet cumque eos expedita. Iure qui deserunt ut maxime molestias tempora.',26),(27,'sit','Sed magni quae vitae cupiditate earum eligendi. Veritatis maxime expedita eum labore et blanditiis velit. Temporibus atque ut in error. Ullam nihil temporibus ut sit recusandae libero.',27),(28,'saepe','Provident similique excepturi earum architecto rerum. Repudiandae dignissimos quis tempore dignissimos neque ex odio. Eos pariatur quod quas maiores. Sit et ipsam sed qui dolorum quidem. Voluptatum odio quisquam laudantium eum iusto.',28),(29,'illum','Est rerum fuga ea rerum eius quae. Blanditiis labore et eaque et rem libero porro. Dolorem nam inventore pariatur est est. Est enim hic autem nihil. Inventore culpa consequatur ut ea est.',29),(30,'debitis','Esse non vel est deserunt aut omnis minus. Et tenetur quisquam quia est est. Nemo velit enim sunt aut eum aliquid in. Aut in error eos fugit.',30),(31,'quia','Vel laborum quidem et dolorem. Quia aperiam qui eum ipsum mollitia ullam at autem. Aut id sunt iure temporibus. Occaecati deserunt deleniti corporis tempora inventore autem. Nulla a vel nihil dolores.',31),(32,'distinctio','Tenetur nisi nostrum omnis consequatur labore eos. Quam qui necessitatibus sunt nulla cum officia libero mollitia. Voluptatem qui cum in corrupti voluptatum.',32),(33,'vitae','Voluptatem ducimus nihil ut dolor quia. Amet quia et quae. Repudiandae hic veniam blanditiis vero quis ea sapiente et. Eos dolores ex sequi et vel amet.',33),(34,'quia','Quia provident in aliquam omnis minima provident. Ea nisi autem et architecto. Dolores pariatur odit quasi consequatur nobis sed. Sit laboriosam impedit ea. Quis enim enim quo et qui et.',34),(35,'harum','Quas inventore rerum vel et exercitationem optio. Itaque pariatur eveniet sed sit et eveniet. Suscipit officia placeat libero ut.',35),(36,'voluptatem','Nihil occaecati sunt ipsam cum. Consequatur autem nemo quo voluptatem voluptatem tempore. In odit et soluta quis.',36),(37,'praesentium','Unde amet placeat fuga voluptate saepe quod ea. Aperiam autem repellat dolor magnam. Non inventore architecto voluptatem quis eveniet dolorem.',37),(38,'quibusdam','Quis est ad totam omnis sequi quia qui. Tempora autem vitae occaecati esse eos. Et voluptatum debitis tenetur ipsam dolorem.',38),(39,'voluptatem','Quos aliquam et deleniti unde. Adipisci ut at provident architecto aut. Nesciunt fuga sit rerum vel.',39),(40,'cupiditate','Ex et iusto consequatur animi voluptatem. Deserunt corporis dolores aut impedit ut temporibus. Porro nihil vitae ducimus fuga.',40),(41,'consequatur','Voluptatibus possimus qui assumenda est impedit. Voluptatem eaque alias minus tenetur est deserunt. Minus aliquam distinctio voluptate culpa fuga.',41),(42,'eum','Temporibus similique nobis suscipit temporibus voluptatem non officia a. Eligendi assumenda non voluptas tempora. Soluta molestias laboriosam qui maxime enim dolorem maiores. Architecto asperiores necessitatibus eligendi quae esse est ut.',42),(43,'vero','Est atque quia id aperiam et. Mollitia ut qui et quos sint voluptatum. Id doloremque quia hic ut ipsa qui numquam non.',43),(44,'repudiandae','Hic quia maiores ut repudiandae cumque ducimus. Repudiandae eaque ut voluptatibus aspernatur qui ipsam. Minima dolor rerum tempora animi. Ut rerum fugit qui eum eum molestiae quibusdam repellendus.',44),(45,'ut','Sunt aliquam facere nam architecto et velit temporibus. Est minus ad aspernatur et qui voluptas fuga. Qui aut voluptates facere et est similique.',45),(46,'est','Dolor unde quasi quod consequatur dicta et deserunt. Rerum nobis inventore quia et non. Fugiat sint non sed minus a deleniti in doloribus. Animi ipsa rerum laboriosam sunt.',46),(47,'quo','Nobis voluptate est aut eaque vel qui non est. Sint alias animi dolore. Dolorem autem impedit ducimus non ipsam non.',47),(48,'vero','Id et nihil ipsam vero ipsum corrupti. Temporibus qui dolor officiis omnis optio beatae. Officiis commodi enim dolore et non maiores.',48),(49,'eum','Iure eum quia totam porro temporibus est. Rerum voluptas sit est maiores tempore occaecati fugiat. Aut harum at quis.',49),(50,'et','Sint vel iusto dolorum. Non consequatur similique quo voluptatem quas. Explicabo voluptate dicta cupiditate. Eos recusandae natus quia porro non.',50);
/*!40000 ALTER TABLE `communities` ENABLE KEYS */;
UNLOCK TABLES;

--
-- Table structure for table `communities_users`
--

DROP TABLE IF EXISTS `communities_users`;
/*!40101 SET @saved_cs_client     = @@character_set_client */;
/*!40101 SET character_set_client = utf8 */;
CREATE TABLE `communities_users` (
  `community_id` bigint(20) unsigned NOT NULL,
  `user_id` bigint(20) unsigned NOT NULL,
  `created_at` datetime NOT NULL DEFAULT current_timestamp(),
  PRIMARY KEY (`community_id`,`user_id`),
  KEY `fk_communities_users_comm_idx` (`community_id`),
  KEY `fk_communities_users_users_idx` (`user_id`),
  CONSTRAINT `fk_communities_users_comm` FOREIGN KEY (`community_id`) REFERENCES `communities` (`id`),
  CONSTRAINT `fk_communities_users_users` FOREIGN KEY (`user_id`) REFERENCES `users` (`id`)
) ENGINE=InnoDB DEFAULT CHARSET=utf8mb4 COLLATE=utf8mb4_unicode_ci;
/*!40101 SET character_set_client = @saved_cs_client */;

--
-- Dumping data for table `communities_users`
--

LOCK TABLES `communities_users` WRITE;
/*!40000 ALTER TABLE `communities_users` DISABLE KEYS */;
INSERT INTO `communities_users` VALUES (1,1,'1996-07-24 18:56:04'),(1,51,'1978-07-07 23:39:24'),(2,2,'1988-01-17 20:09:29'),(2,52,'1981-01-09 20:14:38'),(3,3,'1988-08-06 21:50:30'),(3,53,'1987-11-27 11:53:45'),(4,4,'2018-12-18 17:28:21'),(4,54,'1973-02-27 17:43:06'),(5,5,'2008-07-04 14:46:19'),(5,55,'1997-05-13 17:12:43'),(6,6,'2000-03-26 02:31:10'),(6,56,'1990-10-28 03:30:29'),(7,7,'2013-05-14 12:19:58'),(7,57,'2017-11-13 11:18:23'),(8,8,'1981-01-24 08:42:22'),(8,58,'2020-08-18 17:02:54'),(9,9,'2012-01-07 22:15:37'),(9,59,'2013-11-05 04:14:31'),(10,10,'1979-02-24 08:44:04'),(10,60,'1988-05-14 14:42:47'),(11,11,'1994-11-26 04:04:07'),(11,61,'1975-10-28 05:38:30'),(12,12,'1990-12-08 19:58:24'),(12,62,'2000-12-22 16:57:08'),(13,13,'1999-02-22 09:18:39'),(13,63,'2008-08-25 02:25:12'),(14,14,'1990-07-28 11:00:50'),(14,64,'1986-03-23 07:39:37'),(15,15,'1990-03-16 13:45:31'),(15,65,'2005-12-07 18:45:20'),(16,16,'1978-03-14 20:28:30'),(16,66,'1993-12-04 22:17:06'),(17,17,'1995-02-14 21:49:38'),(17,67,'2000-03-01 06:10:02'),(18,18,'1987-01-08 10:23:49'),(18,68,'1985-03-29 22:00:07'),(19,19,'1997-06-09 06:39:32'),(19,69,'1988-04-21 19:31:54'),(20,20,'2016-07-12 04:07:16'),(20,70,'2020-01-12 07:46:16'),(21,21,'1975-03-01 05:02:52'),(21,71,'2016-10-19 02:48:57'),(22,22,'2008-12-18 03:43:05'),(22,72,'2001-12-24 11:19:32'),(23,23,'1999-09-09 07:57:26'),(23,73,'1993-04-08 03:16:44'),(24,24,'2013-09-05 18:42:47'),(24,74,'1983-07-11 18:19:38'),(25,25,'2000-08-28 17:00:19'),(25,75,'1975-01-01 02:03:00'),(26,26,'2019-12-28 20:52:04'),(26,76,'1986-09-03 18:32:05'),(27,27,'1974-09-18 09:17:29'),(27,77,'1997-02-05 15:32:45'),(28,28,'2016-02-27 03:25:27'),(28,78,'1998-05-12 04:20:12'),(29,29,'1998-03-16 00:41:59'),(29,79,'2018-04-30 21:04:16'),(30,30,'2014-09-02 01:35:10'),(30,80,'1983-06-15 01:54:11'),(31,31,'1979-06-10 13:40:15'),(31,81,'2002-06-08 00:11:27'),(32,32,'1998-03-24 05:33:51'),(32,82,'1993-03-21 15:07:13'),(33,33,'1988-11-23 02:37:29'),(33,83,'1985-05-06 13:39:24'),(34,34,'2014-03-21 00:54:42'),(34,84,'2002-09-23 21:29:23'),(35,35,'2016-05-09 13:32:26'),(35,85,'1978-04-15 17:35:29'),(36,36,'1985-06-10 03:25:12'),(36,86,'2008-03-20 21:23:24'),(37,37,'2015-08-11 21:47:18'),(37,87,'1995-01-31 17:38:15'),(38,38,'2006-12-08 02:24:39'),(38,88,'2005-07-02 18:53:47'),(39,39,'2006-07-09 03:14:26'),(39,89,'1976-07-08 02:28:23'),(40,40,'2015-10-15 17:59:28'),(40,90,'1982-04-22 08:20:08'),(41,41,'2002-01-31 20:49:41'),(41,91,'2001-08-23 12:23:32'),(42,42,'1986-09-28 21:44:43'),(42,92,'1979-02-11 23:48:09'),(43,43,'2002-05-17 02:20:43'),(43,93,'1974-10-10 13:22:43'),(44,44,'1993-02-19 10:20:30'),(44,94,'2005-02-07 08:43:30'),(45,45,'2012-05-24 14:52:51'),(45,95,'1973-09-26 11:15:08'),(46,46,'1975-06-10 06:39:59'),(46,96,'1981-12-15 17:16:06'),(47,47,'2003-06-14 06:55:37'),(47,97,'1972-11-25 23:10:36'),(48,48,'1971-02-01 20:04:23'),(48,98,'1981-04-20 10:06:17'),(49,49,'1976-10-23 12:29:47'),(49,99,'1983-08-15 10:37:09'),(50,50,'1975-09-20 06:19:30'),(50,100,'1970-03-21 12:47:39');
/*!40000 ALTER TABLE `communities_users` ENABLE KEYS */;
UNLOCK TABLES;

--
-- Table structure for table `friend_requests`
--

DROP TABLE IF EXISTS `friend_requests`;
/*!40101 SET @saved_cs_client     = @@character_set_client */;
/*!40101 SET character_set_client = utf8 */;
CREATE TABLE `friend_requests` (
  `from_user_id` bigint(20) unsigned NOT NULL,
  `to_user_id` bigint(20) unsigned NOT NULL,
  `accepted` tinyint(1) DEFAULT 0,
  `created_at` datetime DEFAULT current_timestamp(),
  `updated_at` datetime DEFAULT NULL ON UPDATE current_timestamp(),
  PRIMARY KEY (`from_user_id`,`to_user_id`),
  KEY `fk_friend_requests_from_user_idx` (`from_user_id`),
  KEY `fk_friend_requests_to_user_idx` (`to_user_id`),
  CONSTRAINT `fk_friend_requests_users_1` FOREIGN KEY (`from_user_id`) REFERENCES `users` (`id`),
  CONSTRAINT `fk_friend_requests_users_2` FOREIGN KEY (`to_user_id`) REFERENCES `users` (`id`)
) ENGINE=InnoDB DEFAULT CHARSET=utf8mb4 COLLATE=utf8mb4_unicode_ci;
/*!40101 SET character_set_client = @saved_cs_client */;

--
-- Dumping data for table `friend_requests`
--

LOCK TABLES `friend_requests` WRITE;
/*!40000 ALTER TABLE `friend_requests` DISABLE KEYS */;
INSERT INTO `friend_requests` VALUES (1,1,0,'2009-02-25 22:39:17','1970-09-28 11:27:54'),(2,2,0,'2010-11-05 15:52:31','1981-07-06 06:16:28'),(3,3,0,'1973-06-10 14:31:06','1973-04-21 20:21:56'),(4,4,0,'1987-09-21 11:45:24','1977-06-21 22:47:17'),(5,5,0,'1992-04-08 01:46:58','1973-04-08 00:45:40'),(6,6,0,'1991-06-26 10:47:24','1986-05-28 02:48:56'),(7,7,0,'1994-01-05 15:12:57','2009-08-14 16:57:01'),(8,8,0,'1990-05-13 16:13:05','2001-06-13 19:20:45'),(9,9,0,'2012-03-31 15:55:59','1977-04-28 08:55:47'),(10,10,0,'2003-01-28 06:15:10','1999-03-29 10:01:25'),(11,11,0,'2016-12-22 21:33:39','1993-02-26 04:44:37'),(12,12,0,'1991-03-16 02:44:43','2001-05-08 11:36:59'),(13,13,0,'1989-11-18 11:52:42','2020-01-09 12:08:32'),(14,14,0,'2020-08-07 00:19:27','1970-04-06 06:00:45'),(15,15,0,'1995-02-12 00:41:04','1993-05-08 09:41:50'),(16,16,0,'2006-10-24 13:31:12','1975-07-30 00:47:14'),(17,17,0,'2007-10-28 14:24:22','2011-11-04 13:26:39'),(18,18,0,'2012-11-20 22:44:01','2007-10-26 04:41:08'),(19,19,0,'2005-06-14 05:31:09','1983-05-07 17:02:01'),(20,20,0,'2003-11-29 07:26:32','1970-01-08 23:09:13'),(21,21,0,'2008-03-22 15:40:17','2004-10-15 23:52:09'),(22,22,0,'2004-08-02 03:11:48','1990-12-07 20:25:56'),(23,23,0,'1973-10-16 10:59:44','1990-10-08 00:42:00'),(24,24,0,'2017-10-18 01:36:42','2003-06-28 07:23:52'),(25,25,0,'1986-10-02 23:52:01','1992-12-01 17:40:08'),(26,26,0,'1972-08-16 23:38:58','2001-08-20 22:41:30'),(27,27,0,'2019-04-28 03:23:43','2014-06-22 17:12:05'),(28,28,0,'1998-10-07 14:17:44','1992-11-21 11:48:08'),(29,29,0,'2010-06-26 15:24:00','2013-05-16 06:12:17'),(30,30,0,'1985-05-30 04:43:16','1971-01-26 00:50:07'),(31,31,0,'1979-08-01 05:11:28','2014-10-24 16:44:31'),(32,32,0,'1973-02-01 00:36:38','2013-03-05 07:57:57'),(33,33,0,'1998-04-08 14:46:41','1984-06-01 13:53:37'),(34,34,0,'2005-07-02 16:09:16','2019-10-01 04:13:57'),(35,35,0,'1978-07-05 00:21:31','2013-01-15 23:58:51'),(36,36,0,'1998-02-25 00:36:25','1974-11-29 04:59:36'),(37,37,0,'2012-08-29 16:10:50','2014-09-24 01:30:06'),(38,38,0,'1974-11-06 19:39:22','2012-04-30 08:17:46'),(39,39,0,'2010-08-15 07:14:40','1975-04-15 22:33:00'),(40,40,0,'2006-08-15 15:10:04','2005-04-15 18:57:07'),(41,41,0,'1972-03-29 20:32:23','1994-10-15 19:31:14'),(42,42,0,'1989-08-17 05:31:58','2018-01-01 13:40:40'),(43,43,0,'1987-05-03 13:44:39','1990-12-08 11:54:25'),(44,44,0,'2010-03-26 12:11:51','1993-09-04 11:43:53'),(45,45,0,'2008-07-11 13:25:55','1995-08-04 21:44:33'),(46,46,0,'1995-06-13 10:45:35','1970-06-06 17:25:58'),(47,47,0,'1977-11-14 23:58:04','2018-11-20 10:53:50'),(48,48,0,'1995-01-28 03:50:00','1970-12-04 07:47:26'),(49,49,0,'1971-01-05 21:28:59','1979-12-30 01:27:32'),(50,50,0,'1982-01-07 15:12:10','2005-04-21 21:03:36'),(51,51,0,'1993-05-09 18:45:45','2002-09-02 02:05:23'),(52,52,0,'1970-07-31 13:02:17','2003-03-13 20:55:19'),(53,53,0,'2011-02-28 21:03:47','2014-01-03 11:32:28'),(54,54,0,'1978-10-16 14:02:42','1998-12-23 11:27:08'),(55,55,0,'1982-09-24 13:48:56','2008-04-19 15:54:16'),(56,56,0,'1982-04-09 09:01:26','1990-07-04 05:47:57'),(57,57,0,'2003-12-08 09:25:55','1993-01-17 09:32:25'),(58,58,0,'2008-12-05 15:18:46','1972-12-21 10:25:19'),(59,59,0,'1975-10-30 05:21:47','1994-05-27 14:10:42'),(60,60,0,'2009-05-12 15:12:37','1973-09-08 16:47:13'),(61,61,0,'2005-12-28 11:09:33','2019-08-23 08:34:38'),(62,62,0,'2000-07-08 00:00:34','1982-05-31 00:45:59'),(63,63,0,'2004-10-25 15:59:29','2006-02-15 23:11:07'),(64,64,0,'1993-03-24 06:49:03','1997-04-29 02:46:55'),(65,65,0,'1984-11-11 20:49:55','1998-03-30 09:58:03'),(66,66,0,'1989-10-27 07:05:31','1971-07-02 09:13:01'),(67,67,0,'1971-10-26 06:28:45','2011-04-29 09:22:32'),(68,68,0,'1980-03-08 13:13:24','1989-11-03 10:38:15'),(69,69,0,'2012-02-13 09:13:29','2008-01-23 12:01:05'),(70,70,0,'1976-07-13 04:06:08','1988-05-21 06:48:04'),(71,71,0,'2015-04-09 19:55:19','2017-08-09 04:38:22'),(72,72,0,'1997-01-14 02:12:02','1987-05-23 18:25:54'),(73,73,0,'2014-06-06 11:09:39','1985-12-17 19:09:47'),(74,74,0,'1975-09-11 20:26:36','1996-11-13 07:05:55'),(75,75,0,'2000-03-26 13:20:37','2002-10-08 14:16:22'),(76,76,0,'1983-11-17 14:00:07','1987-03-28 01:38:31'),(77,77,0,'1994-11-25 20:04:53','2019-12-06 08:48:01'),(78,78,0,'1993-05-19 10:46:40','1992-05-11 22:35:42'),(79,79,0,'1989-12-02 08:31:42','2005-05-31 19:51:36'),(80,80,0,'2008-01-22 16:11:56','1979-04-14 15:26:03'),(81,81,0,'2001-12-27 17:26:40','2004-08-16 15:41:24'),(82,82,0,'2017-06-15 01:01:45','1972-02-15 00:25:47'),(83,83,0,'2008-01-27 20:28:47','1989-12-06 23:40:04'),(84,84,0,'2015-01-20 17:57:37','2009-06-23 09:58:48'),(85,85,0,'1985-10-19 11:15:44','1970-06-23 21:00:15'),(86,86,0,'1988-02-03 15:19:45','1985-08-04 19:56:17'),(87,87,0,'1980-09-15 04:30:24','2002-02-22 04:45:35'),(88,88,0,'1982-04-07 05:41:31','2010-07-30 11:08:59'),(89,89,0,'1992-07-08 16:32:04','2005-06-22 05:48:11'),(90,90,0,'1993-09-09 16:42:53','1970-05-03 01:39:44'),(91,91,0,'2002-06-30 20:15:20','1971-03-18 07:48:46'),(92,92,0,'1993-01-13 10:32:01','2018-04-13 16:20:03'),(93,93,0,'1995-01-27 02:27:42','1999-10-15 13:15:48'),(94,94,0,'1978-07-17 22:00:57','2008-02-23 18:35:15'),(95,95,0,'2004-09-03 17:08:36','1994-07-01 21:28:47'),(96,96,0,'1975-05-21 06:18:32','2018-01-15 09:26:13'),(97,97,0,'1995-01-28 05:01:00','1999-09-25 22:41:10'),(98,98,0,'1992-05-09 11:12:10','1988-05-29 15:00:53'),(99,99,0,'1998-05-02 06:33:43','2000-12-20 09:00:53'),(100,100,0,'1989-04-23 22:32:38','2001-08-04 23:38:32');
/*!40000 ALTER TABLE `friend_requests` ENABLE KEYS */;
UNLOCK TABLES;

--
-- Table structure for table `media`
--

DROP TABLE IF EXISTS `media`;
/*!40101 SET @saved_cs_client     = @@character_set_client */;
/*!40101 SET character_set_client = utf8 */;
CREATE TABLE `media` (
  `id` bigint(20) unsigned NOT NULL AUTO_INCREMENT,
  `user_id` bigint(20) unsigned NOT NULL,
  `media_types_id` int(10) unsigned NOT NULL,
  `file_name` varchar(245) COLLATE utf8mb4_unicode_ci DEFAULT NULL COMMENT '/files/folder/img.png',
  `file_size` bigint(20) DEFAULT NULL,
  `created_at` datetime NOT NULL DEFAULT current_timestamp(),
  PRIMARY KEY (`id`),
  KEY `fk_media_media_types_idx` (`media_types_id`),
  KEY `fk_media_users_idx` (`user_id`),
  CONSTRAINT `fk_media_media_types` FOREIGN KEY (`media_types_id`) REFERENCES `media_types` (`id`),
  CONSTRAINT `fk_media_users` FOREIGN KEY (`user_id`) REFERENCES `users` (`id`)
) ENGINE=InnoDB AUTO_INCREMENT=101 DEFAULT CHARSET=utf8mb4 COLLATE=utf8mb4_unicode_ci;
/*!40101 SET character_set_client = @saved_cs_client */;

--
-- Dumping data for table `media`
--

LOCK TABLES `media` WRITE;
/*!40000 ALTER TABLE `media` DISABLE KEYS */;
INSERT INTO `media` VALUES (1,1,1,'ab',249,'1984-04-11 06:44:09'),(2,2,2,'ea',0,'1981-07-18 21:32:03'),(3,3,3,'ad',728099,'1980-01-12 17:07:42'),(4,4,4,'rerum',324807,'1975-11-26 22:48:46'),(5,5,1,'voluptate',49,'1980-11-22 10:35:19'),(6,6,2,'commodi',3840513,'1986-01-06 23:08:44'),(7,7,3,'eligendi',0,'1977-09-06 05:27:45'),(8,8,4,'molestiae',13,'2020-12-29 12:52:08'),(9,9,1,'similique',21788377,'2016-05-06 04:56:08'),(10,10,2,'amet',17,'2019-03-25 21:26:10'),(11,11,3,'quam',242024328,'1997-12-20 08:37:44'),(12,12,4,'dolore',468697612,'2018-02-07 20:53:27'),(13,13,1,'odit',55553,'1986-11-20 10:20:01'),(14,14,2,'excepturi',34492475,'1970-12-24 23:22:17'),(15,15,3,'tempora',7182,'2004-04-30 21:46:03'),(16,16,4,'adipisci',14010169,'2001-04-24 04:19:50'),(17,17,1,'ipsam',714,'1984-12-21 21:16:11'),(18,18,2,'vel',542532,'2019-05-10 21:11:21'),(19,19,3,'voluptas',80617778,'1996-04-24 07:46:17'),(20,20,4,'a',424,'2015-04-02 21:45:34'),(21,21,1,'repudiandae',136518909,'1977-01-15 17:16:07'),(22,22,2,'dolor',425,'1992-03-20 00:14:08'),(23,23,3,'numquam',43164878,'2016-09-22 05:47:48'),(24,24,4,'molestiae',5,'2015-06-29 07:07:37'),(25,25,1,'vel',957,'1993-10-29 21:21:36'),(26,26,2,'eos',6392728,'1974-05-05 20:12:09'),(27,27,3,'culpa',8,'2014-01-30 18:15:59'),(28,28,4,'iusto',0,'1996-05-06 15:14:11'),(29,29,1,'quis',732672418,'2021-01-25 04:30:57'),(30,30,2,'harum',0,'2014-10-31 09:04:29'),(31,31,3,'adipisci',31,'2003-10-29 04:36:45'),(32,32,4,'est',0,'2001-10-08 23:00:54'),(33,33,1,'et',0,'1989-01-07 05:09:10'),(34,34,2,'et',4114,'1976-01-27 10:13:39'),(35,35,3,'consectetur',60409,'2001-08-27 06:20:44'),(36,36,4,'tempora',285115,'1980-02-24 16:14:29'),(37,37,1,'facilis',173851194,'1982-05-30 21:15:25'),(38,38,2,'amet',0,'2000-08-17 01:28:44'),(39,39,3,'eum',24714527,'1985-07-05 12:46:20'),(40,40,4,'quam',549973,'1985-07-04 07:01:43'),(41,41,1,'eligendi',0,'1991-10-19 13:02:35'),(42,42,2,'recusandae',247,'2004-09-09 23:04:31'),(43,43,3,'aut',529,'1985-02-13 13:07:52'),(44,44,4,'id',24,'1993-01-10 18:57:17'),(45,45,1,'aperiam',0,'1984-04-06 10:02:34'),(46,46,2,'quos',427644,'1977-05-20 23:40:11'),(47,47,3,'consequatur',5848869,'2010-04-30 15:13:30'),(48,48,4,'illo',35457,'1992-01-21 01:34:38'),(49,49,1,'omnis',851790,'1989-07-30 17:10:28'),(50,50,2,'omnis',2,'1981-03-14 02:02:00'),(51,51,3,'quod',6332985,'1996-05-02 09:57:00'),(52,52,4,'et',2432,'1977-06-08 21:24:04'),(53,53,1,'repellat',1,'1984-06-27 07:10:53'),(54,54,2,'est',6,'1997-10-20 23:31:17'),(55,55,3,'itaque',25987,'1994-09-07 13:26:17'),(56,56,4,'voluptatem',70888161,'1971-08-04 18:31:28'),(57,57,1,'sed',88232908,'1994-05-18 11:25:13'),(58,58,2,'itaque',0,'1976-03-27 11:44:31'),(59,59,3,'aut',6605,'2007-03-15 17:24:20'),(60,60,4,'eum',84,'1975-03-13 01:55:09'),(61,61,1,'blanditiis',751870,'1984-12-06 19:29:45'),(62,62,2,'quia',755,'2015-09-28 08:26:02'),(63,63,3,'ad',367724,'2014-04-24 22:18:48'),(64,64,4,'aliquid',93,'1991-07-14 06:49:03'),(65,65,1,'provident',0,'1993-03-03 11:23:30'),(66,66,2,'et',898460216,'1985-01-20 03:59:46'),(67,67,3,'dolore',5434258,'1972-11-04 22:42:49'),(68,68,4,'earum',9,'1988-11-04 23:53:53'),(69,69,1,'et',5002,'2000-08-13 14:26:22'),(70,70,2,'nihil',5585,'2019-10-21 00:24:19'),(71,71,3,'doloremque',920395,'2007-08-24 14:22:15'),(72,72,4,'iste',48,'1997-07-24 09:11:17'),(73,73,1,'voluptate',63821,'1994-09-16 07:23:28'),(74,74,2,'consequuntur',748,'1998-05-14 00:05:59'),(75,75,3,'quo',527939942,'1982-05-28 12:15:13'),(76,76,4,'sint',6230598,'1977-05-09 09:05:43'),(77,77,1,'ut',12702812,'2000-09-28 11:21:31'),(78,78,2,'beatae',0,'1994-09-12 22:38:42'),(79,79,3,'quia',8651361,'1994-12-09 11:39:48'),(80,80,4,'iste',0,'1990-08-09 13:00:04'),(81,81,1,'reprehenderit',0,'1992-09-08 14:00:51'),(82,82,2,'temporibus',548993886,'1992-02-29 01:17:37'),(83,83,3,'assumenda',4,'1983-09-02 22:16:08'),(84,84,4,'et',416,'1981-09-22 11:10:06'),(85,85,1,'in',5163009,'2011-10-12 22:16:05'),(86,86,2,'blanditiis',8,'2016-08-14 15:52:24'),(87,87,3,'veritatis',3769088,'2017-09-08 00:08:22'),(88,88,4,'veritatis',698,'2017-04-21 19:14:25'),(89,89,1,'totam',551,'1992-08-31 11:58:07'),(90,90,2,'non',25089,'1997-06-14 05:29:50'),(91,91,3,'doloribus',8448116,'1989-09-09 03:41:55'),(92,92,4,'ad',293067,'1988-12-16 07:04:06'),(93,93,1,'aperiam',186,'1982-01-05 20:28:32'),(94,94,2,'ut',0,'2004-10-30 07:37:16'),(95,95,3,'est',4502,'2017-10-15 11:20:45'),(96,96,4,'rerum',7644269,'2003-12-08 03:31:00'),(97,97,1,'voluptatem',40,'1988-08-10 19:47:24'),(98,98,2,'eum',485,'1974-12-31 16:00:23'),(99,99,3,'dolorem',49635,'1995-08-07 11:10:09'),(100,100,4,'numquam',712275304,'2010-03-26 08:13:21');
/*!40000 ALTER TABLE `media` ENABLE KEYS */;
UNLOCK TABLES;

--
-- Table structure for table `media_types`
--

DROP TABLE IF EXISTS `media_types`;
/*!40101 SET @saved_cs_client     = @@character_set_client */;
/*!40101 SET character_set_client = utf8 */;
CREATE TABLE `media_types` (
  `id` int(10) unsigned NOT NULL AUTO_INCREMENT,
  `name` varchar(45) COLLATE utf8mb4_unicode_ci NOT NULL,
  PRIMARY KEY (`id`),
  UNIQUE KEY `name` (`name`)
) ENGINE=InnoDB AUTO_INCREMENT=5 DEFAULT CHARSET=utf8mb4 COLLATE=utf8mb4_unicode_ci;
/*!40101 SET character_set_client = @saved_cs_client */;

--
-- Dumping data for table `media_types`
--

LOCK TABLES `media_types` WRITE;
/*!40000 ALTER TABLE `media_types` DISABLE KEYS */;
INSERT INTO `media_types` VALUES (1,' music'),(2,' picture'),(3,' text'),(4,'video');
/*!40000 ALTER TABLE `media_types` ENABLE KEYS */;
UNLOCK TABLES;

--
-- Table structure for table `messages`
--

DROP TABLE IF EXISTS `messages`;
/*!40101 SET @saved_cs_client     = @@character_set_client */;
/*!40101 SET character_set_client = utf8 */;
CREATE TABLE `messages` (
  `id` bigint(20) unsigned NOT NULL AUTO_INCREMENT,
  `from_user_id` bigint(20) unsigned NOT NULL,
  `to_user_id` bigint(20) unsigned NOT NULL,
  `txt` text COLLATE utf8mb4_unicode_ci NOT NULL,
  `is_delivered` tinyint(1) DEFAULT 0,
  `created_at` datetime NOT NULL DEFAULT current_timestamp(),
  `updated_at` datetime DEFAULT NULL ON UPDATE current_timestamp(),
  PRIMARY KEY (`id`),
  KEY `fk_messages_from_user_idx` (`from_user_id`),
  KEY `fk_messages_to_user_idx` (`to_user_id`),
  CONSTRAINT `fk_messages_users_1` FOREIGN KEY (`from_user_id`) REFERENCES `users` (`id`),
  CONSTRAINT `fk_messages_users_2` FOREIGN KEY (`to_user_id`) REFERENCES `users` (`id`)
) ENGINE=InnoDB AUTO_INCREMENT=301 DEFAULT CHARSET=utf8mb4 COLLATE=utf8mb4_unicode_ci;
/*!40101 SET character_set_client = @saved_cs_client */;

--
-- Dumping data for table `messages`
--

LOCK TABLES `messages` WRITE;
/*!40000 ALTER TABLE `messages` DISABLE KEYS */;
INSERT INTO `messages` VALUES (1,1,1,'Qui beatae esse quasi quibusdam. Cupiditate libero corrupti accusamus. Alias ea architecto consequatur atque et repellat.',1,'2007-07-30 07:26:43','1994-06-28 20:55:44'),(2,2,2,'Blanditiis porro sunt quia perspiciatis necessitatibus at delectus. Sapiente quibusdam ut maxime dolor voluptatem. Non ratione soluta hic. Et in soluta porro saepe quibusdam quia consequatur maiores.',0,'1996-03-01 11:38:28','2007-02-27 06:11:52'),(3,3,3,'Aliquid officia veritatis laudantium vitae libero amet sit. Et corporis pariatur dolores sed labore inventore adipisci. Velit hic ea voluptates minus.',1,'2004-07-01 05:14:22','2003-05-02 06:12:49'),(4,4,4,'Consequatur vel vel aut ut. Sed dolorem libero nulla exercitationem sed mollitia vitae. Est quo esse qui nobis perferendis eligendi et. Sit nulla vitae consequatur rem et.',1,'1973-05-26 06:42:00','2001-03-10 06:24:18'),(5,5,5,'Consequuntur et cumque ipsum et impedit magni labore. Inventore voluptatum dolorum deserunt ut omnis et error. Qui et qui ratione. Perspiciatis ducimus et praesentium dolores quo blanditiis.',1,'1975-09-16 02:19:02','2015-12-17 05:20:47'),(6,6,6,'Dolorem in id assumenda cum mollitia ut dolore. Debitis officia magnam nulla illo quas eum sunt. Eaque qui eius et possimus sed quo.',1,'2016-02-21 22:23:11','2004-03-02 03:19:06'),(7,7,7,'Quod similique dolorem facere. Nam laudantium ducimus non dolor quidem est. Sit aut atque amet quod itaque quis perspiciatis.',1,'1975-12-12 04:13:21','1991-09-04 13:23:06'),(8,8,8,'Minus sed aut odit sunt provident molestias rerum. Accusantium et molestias quos expedita quidem. Cum ad accusamus aspernatur sed ea et.',1,'1992-01-31 19:27:11','2001-09-01 11:10:33'),(9,9,9,'Laborum in ipsam modi accusamus molestias ex. Sed omnis perferendis quas nemo suscipit occaecati rerum.',0,'1986-01-20 01:46:13','2013-04-27 03:59:42'),(10,10,10,'Consequatur tempore exercitationem et at. Iste possimus rerum et omnis nostrum. Autem doloremque quo inventore aut numquam beatae natus. Deserunt et optio id natus ullam qui voluptatem.',1,'1997-05-02 19:11:24','2012-07-11 16:46:03'),(11,11,11,'Repudiandae vel assumenda at nemo non. Voluptas eos tempore consequatur suscipit explicabo sit tempora.',1,'1998-10-03 23:35:02','1997-06-21 04:08:49'),(12,12,12,'Atque aliquid eos accusamus maiores laudantium. Repudiandae ex earum perferendis excepturi. Saepe eum excepturi aliquam fugiat ipsam voluptatibus.',1,'2013-08-12 08:47:45','1978-05-13 19:41:27'),(13,13,13,'Ut mollitia accusamus natus odit. Minus placeat omnis illum. Aliquam minus dolores cum aperiam.',0,'1981-09-25 00:47:37','1978-06-03 12:20:04'),(14,14,14,'Qui hic mollitia non minima voluptatibus ea. Laboriosam distinctio impedit et laboriosam aspernatur labore aut. Sunt voluptatem eligendi provident et minima blanditiis neque unde.',0,'2013-08-26 01:13:07','2013-11-03 06:50:55'),(15,15,15,'Reprehenderit tempore architecto tempore sunt dolores. Debitis nesciunt ab iure beatae accusamus est. Deserunt tenetur dolorum maxime animi. In exercitationem non cupiditate veritatis id et sint.',0,'1995-06-01 10:43:47','2002-08-18 23:44:35'),(16,16,16,'Corrupti aut qui sed. Omnis animi labore sit non est dolorem.\nEt quaerat nobis in ipsam quibusdam sed esse. Aut perferendis veritatis ut qui modi. Sunt aut magni velit dolorem fuga in distinctio.',0,'2013-05-30 14:11:20','2004-02-17 16:39:34'),(17,17,17,'Corporis accusamus reiciendis nulla optio. Quibusdam sint aut quibusdam id. Voluptatem veniam sed incidunt ut et dolores aspernatur. Sunt in eos dolorum dicta.',1,'1986-10-03 08:43:57','1999-10-30 06:09:38'),(18,18,18,'Voluptas voluptas mollitia ratione qui corrupti et. Quia sapiente earum laborum eos aut aut dolore. Fuga libero repellat ut sint dolorum.',0,'2015-08-19 10:48:58','1990-11-21 10:44:02'),(19,19,19,'Quia quo repellendus ut voluptate porro consequatur reprehenderit. Qui asperiores qui rerum iusto est quia dolorem. Dolore rerum recusandae qui ipsa et.',0,'1980-12-22 13:37:45','1993-03-02 04:31:44'),(20,20,20,'Sit est vel doloremque error libero non. Cum saepe suscipit laborum doloribus est minus eaque nihil. Aliquam saepe ducimus corporis ea. Ea debitis numquam accusamus rem.',0,'2008-04-08 05:08:48','1974-10-15 12:53:30'),(21,21,21,'Architecto qui ea necessitatibus excepturi. In ut natus autem iste ipsa dolores dolores ut.',0,'1971-05-10 09:37:01','2012-11-07 09:35:34'),(22,22,22,'Sit qui culpa harum error et quo. Repellat nihil ut quam tempora. Deserunt eaque animi expedita aut delectus molestiae est dolor. Pariatur voluptates eveniet sit enim quidem.',0,'2008-10-26 01:47:05','2006-10-27 08:19:44'),(23,23,23,'Aut occaecati molestiae placeat dolorem vitae. Vitae modi et cupiditate natus odio porro sed. Consequatur dolor sint in voluptate excepturi quo omnis ullam.',0,'1994-10-21 11:03:37','2004-09-13 03:19:49'),(24,24,24,'Ipsam et quaerat rerum vitae molestiae. Ipsa corporis magnam qui laudantium sunt praesentium ipsam qui.',1,'1998-08-06 18:56:48','1996-04-09 11:29:58'),(25,25,25,'Sit tempora dignissimos ipsum eum et rem. A ducimus repudiandae in. Magnam expedita nihil quis quod maxime. Quia cum consequatur et modi.',1,'1974-11-05 00:45:31','2016-03-18 20:55:16'),(26,26,26,'Quia quasi vel itaque consequatur maxime maxime. Vel unde eos voluptatem perferendis alias.',1,'2006-08-19 18:58:06','2019-09-21 21:50:39'),(27,27,27,'Vitae iure consequatur eos voluptate atque. Itaque qui facilis dolores. Non et culpa cum quidem. Corporis ducimus aliquam sunt adipisci et aperiam.',0,'1992-06-10 10:07:59','1998-10-27 22:52:04'),(28,28,28,'Accusamus sequi in sunt. Nostrum suscipit quod accusantium. Fugit unde totam quibusdam harum ipsam. Aliquam sint animi dolor nesciunt minima sit quia.',0,'1972-07-08 02:23:47','1973-12-14 01:44:47'),(29,29,29,'Temporibus officia aliquid voluptatem sint. Doloribus inventore illum et tenetur sapiente qui. Dolore et voluptatem autem nihil consequuntur rerum. Voluptates mollitia harum unde ut.',0,'1993-06-12 10:32:28','1984-12-27 01:31:04'),(30,30,30,'Quis voluptatem et aut ab eligendi esse sit. Totam odio voluptatibus iure dolorem et voluptates unde. Et omnis tempora quae enim maxime.',0,'1999-03-31 03:18:22','1971-02-22 07:36:33'),(31,31,31,'Quaerat iusto corrupti dolor. Delectus et inventore sunt assumenda. Eius sed voluptas quas est tempore aliquid. Fugiat ipsa placeat sequi error aut sunt earum.',0,'1989-09-27 20:28:21','2004-10-19 23:00:55'),(32,32,32,'Numquam voluptas iste qui eveniet voluptatem fugit. Aliquam et doloremque architecto dicta sint quasi. Earum mollitia nesciunt sint sunt excepturi non.',1,'1996-08-11 22:17:20','1980-11-12 08:01:14'),(33,33,33,'Qui sed voluptatem quam magnam. Eveniet in voluptatem et iure pariatur qui. Facilis voluptates cum in unde sunt eligendi et. Repellendus aut totam incidunt cum et quis doloribus delectus.',1,'1981-05-10 01:08:11','1996-02-10 10:48:33'),(34,34,34,'Eligendi consequatur hic accusamus. Eos debitis ea laboriosam ab officia rerum esse. Aut id ducimus reiciendis libero. Non quia animi optio consequatur dolor.',0,'2013-08-31 09:11:31','1978-01-16 05:57:32'),(35,35,35,'Modi minima et impedit sed voluptatem voluptatibus placeat non. Perferendis natus maiores omnis aut. Magnam velit et vel quidem. Eligendi sunt sunt corporis velit.',1,'2004-07-07 18:10:45','1989-12-13 15:32:36'),(36,36,36,'Delectus in officia voluptas velit qui. Ducimus et laboriosam et deleniti aliquid. Ab quos tempore veritatis enim. Illum vel inventore iure.',1,'2014-07-04 05:25:29','2013-06-18 17:35:20'),(37,37,37,'Deleniti quo id quaerat labore facilis magni aliquam. Laudantium nihil dolor eum natus. Cumque maxime quia sit nostrum aliquid iure.',1,'2017-04-06 10:52:53','1975-07-20 21:41:23'),(38,38,38,'Porro cum et quasi eum consequatur sunt. Eveniet eum illo nihil. Dolorum consequatur consequatur sint veritatis ad nihil itaque.',1,'1970-05-29 03:20:10','1994-07-22 19:02:33'),(39,39,39,'Nobis laudantium omnis perferendis incidunt velit. Rerum reprehenderit soluta et eaque voluptas laudantium. Et itaque voluptatem mollitia in odio.',1,'2011-03-11 02:56:27','1998-07-31 05:04:26'),(40,40,40,'Aut sunt aperiam voluptatem asperiores corporis explicabo. Dignissimos vitae cum aut neque pariatur quibusdam. Quasi odio aliquid quos eos odio fuga minus.',1,'1978-03-23 21:50:13','1977-11-03 05:13:29'),(41,41,41,'Mollitia doloribus consequuntur quaerat ea. Eum deleniti id et porro autem vero. Temporibus tempora illum et placeat dolores veniam quis. Molestiae est ea totam odit dolorum optio reiciendis.',1,'2010-07-25 14:39:13','2019-09-10 02:18:47'),(42,42,42,'Voluptatem cumque nihil et rem asperiores rerum. Et sed non quod at saepe velit expedita. Quaerat quasi ea quia expedita modi. Ullam qui et nobis voluptatem.',1,'1989-03-24 20:00:09','1972-05-14 12:30:31'),(43,43,43,'Soluta qui in ex repudiandae consequatur rerum. Alias adipisci sunt et dolorem. Repellendus iusto provident molestiae ut sequi deserunt repudiandae.',1,'1974-10-08 11:04:34','1984-03-27 19:12:17'),(44,44,44,'Est minus sed praesentium numquam et. Neque voluptas iste et est neque necessitatibus velit autem. Velit ut excepturi et voluptates.',1,'1998-07-22 13:32:24','2006-11-09 22:22:57'),(45,45,45,'Maxime ut magnam aut deserunt nemo est ut. Velit repellendus deserunt ipsum est. Numquam quae aut sapiente placeat iure et.',0,'2003-04-13 22:52:00','1987-11-25 19:14:31'),(46,46,46,'Suscipit tempore iure qui sed. At eum est ut doloribus quisquam. Adipisci odio possimus nulla debitis consequuntur voluptatum perferendis.',0,'1993-09-11 16:24:27','2006-05-12 07:57:48'),(47,47,47,'Neque nihil doloremque est tempore. Modi ut animi impedit accusantium hic saepe. Ex cumque et omnis. Deleniti rem unde quibusdam optio voluptas ut.',1,'2015-01-26 11:18:07','1982-04-29 22:54:57'),(48,48,48,'Nemo veritatis error in dolorem. Aut voluptatem voluptatem sint dolorum eius. Et asperiores qui autem debitis ut.',0,'2009-06-30 11:14:24','1995-10-21 19:28:14'),(49,49,49,'Enim assumenda amet unde harum explicabo officia molestias pariatur. Rerum aliquam et in explicabo. Sit et et iusto repellendus. Ullam possimus dolores quos.',0,'1980-06-19 07:28:44','1971-12-19 15:06:48'),(50,50,50,'Tenetur ut quia aut est. Eveniet dolores dignissimos sint laboriosam ipsa excepturi voluptas provident. Et placeat nobis quia aut provident quasi. Quidem optio quia vel nihil harum similique.',0,'1991-10-25 07:56:54','1985-12-18 06:58:53'),(51,51,51,'Harum ullam non et rem qui. Quae blanditiis aspernatur reiciendis harum sequi nihil.',1,'1984-02-22 18:34:37','1970-10-02 20:31:38'),(52,52,52,'Maxime nesciunt repellendus quia adipisci debitis eos autem ut. Sint molestiae ducimus repellendus reiciendis excepturi. Veniam eum quis dolores non dolore.',0,'1996-11-26 05:52:42','1999-07-16 00:15:38'),(53,53,53,'Dolore quidem earum quis dolorem ad optio. Voluptates adipisci totam inventore voluptates explicabo eos vel. Aut qui facilis est. Sunt explicabo occaecati similique repellat aut laboriosam.',1,'2002-01-06 04:11:17','2019-09-03 22:34:03'),(54,54,54,'Suscipit excepturi incidunt explicabo molestias sint excepturi nam. Nesciunt quod explicabo quia consectetur. Animi neque rerum voluptas quia hic. Expedita omnis enim atque modi dicta possimus sint.',1,'2004-09-05 02:00:36','2017-05-03 20:18:02'),(55,55,55,'Odit blanditiis exercitationem ratione velit qui autem. Minus sunt nam excepturi autem qui dolorem nobis a.',0,'2013-01-07 02:55:10','1978-04-21 12:43:29'),(56,56,56,'Dolorem non modi ducimus dolorem assumenda. Eius unde iste in veniam maiores. Velit nobis sint saepe facere sit. A sapiente dolores tempore quia. Perferendis doloribus ut tempora.',1,'1993-10-05 16:51:08','2011-11-17 07:43:54'),(57,57,57,'Inventore dolore rerum ea doloribus autem illum aut. Non odit cumque quia eaque deserunt debitis provident.',1,'2017-05-22 14:57:49','1979-03-29 12:09:27'),(58,58,58,'Quas ducimus doloremque aliquam perferendis quibusdam. Dicta deserunt ipsa quia reiciendis. Velit laboriosam ut atque et pariatur. Atque magnam voluptas eum.',0,'2006-09-29 12:54:28','2012-05-03 14:34:49'),(59,59,59,'Omnis ea inventore impedit debitis vero est. Architecto animi ut et molestiae consequatur. Earum distinctio consequatur sapiente debitis veritatis a id.',1,'1978-09-24 09:19:34','2000-05-11 18:41:31'),(60,60,60,'Et cum ullam perferendis. Minus non quibusdam harum occaecati nemo quas quia consequatur. Corrupti laborum sed aut eligendi amet similique aut.',0,'2001-02-27 00:35:57','1992-06-05 16:21:43'),(61,61,61,'Vero praesentium rem maxime natus et occaecati. Tempore ea dolorem iste molestias. Accusantium voluptatum est nihil voluptas corrupti. Quos est consequatur tempora quia unde hic quo nihil.',1,'1979-09-18 20:09:55','1982-04-19 16:45:10'),(62,62,62,'Dicta eius facere voluptas qui iure. Veritatis occaecati similique culpa autem qui quisquam. Accusamus magnam sit non molestias est et.',0,'2002-01-03 04:36:33','1992-07-30 03:35:11'),(63,63,63,'Aut nam eum iste velit quia sint occaecati. Numquam itaque assumenda aliquam ratione libero. Sunt ut inventore et vel.',0,'2000-03-02 03:46:01','1986-03-17 19:52:08'),(64,64,64,'Error consequatur repellendus nesciunt sint aut quia optio non. Et et necessitatibus omnis nam quisquam velit. Eos repellat et dolor eos eum architecto voluptatem sint.',1,'1970-08-09 05:14:24','1976-05-24 06:04:51'),(65,65,65,'Provident et sint quia quas libero omnis dolorem. Doloremque eum quod perferendis. Fugit quia adipisci expedita. Id vel omnis ipsum omnis voluptas repellendus in.',0,'1990-06-23 04:06:24','1996-02-06 14:45:19'),(66,66,66,'Harum voluptatem blanditiis accusantium et vel velit rerum. Enim voluptatem quia quam fugit. Harum sunt reiciendis cum rerum blanditiis. Quod soluta fugiat cum non.',1,'2002-06-08 05:37:38','1990-02-11 14:24:11'),(67,67,67,'Consequatur soluta rem eum fugiat. Totam ab quam fugiat iste aperiam quis fuga. Nisi temporibus eum ipsam dolor sint explicabo qui officiis.',0,'1977-06-02 00:29:50','2016-10-21 19:10:20'),(68,68,68,'Deleniti voluptatibus voluptas modi nostrum. Ullam sed qui ab sequi aspernatur. Temporibus architecto sit voluptas adipisci magni. Tempore vel dolor eius voluptas aut incidunt rerum omnis.',0,'1990-01-04 00:00:23','1971-05-26 02:25:45'),(69,69,69,'Laudantium necessitatibus nihil quod. Provident ratione minima laborum magnam in eveniet qui aperiam. Dolor autem qui velit.',0,'1971-11-02 18:20:30','2006-07-22 13:33:03'),(70,70,70,'Aliquid nisi non nulla voluptatibus et. Ea et voluptatum ut est dolores. Maxime eligendi assumenda placeat.',0,'2015-04-22 05:05:17','2001-12-15 17:47:44'),(71,71,71,'Harum et expedita laboriosam dolore eius. Delectus sed occaecati animi.',1,'1980-06-23 10:48:17','2007-11-17 11:03:00'),(72,72,72,'Eveniet temporibus qui eum enim officia ullam non. Sit esse similique vel sapiente. Ut vero eligendi exercitationem mollitia. Eum fugit natus recusandae libero cum fugit.',0,'1972-08-21 12:20:48','2001-12-17 01:18:40'),(73,73,73,'Qui et voluptas voluptate. Dolore qui eos voluptas. Maxime voluptas autem qui et sunt fugit. Accusamus quia iusto quos dolorum aut possimus quam non.',1,'2006-10-04 21:19:57','2004-09-18 05:27:24'),(74,74,74,'Culpa corrupti voluptas suscipit. Odit temporibus inventore rerum consectetur nisi et. Consequuntur omnis voluptatem et ipsa consequatur ut.',1,'1996-06-11 10:06:06','2003-06-30 21:01:33'),(75,75,75,'Dolore corrupti ipsam culpa suscipit vel. Et unde nihil officia quo corrupti nostrum excepturi. Unde totam quidem laborum laborum assumenda. Adipisci voluptates pariatur itaque.',1,'2011-03-17 04:57:05','1990-07-14 05:38:35'),(76,76,76,'Assumenda eveniet rem non qui. Laborum cum ea aliquam. Maxime sit repellendus aliquam et tempora animi voluptates. Dolorem vel ut voluptatem recusandae aut dicta quia totam.',1,'2018-06-06 17:07:30','1980-01-03 02:21:44'),(77,77,77,'Quae incidunt libero aspernatur sequi. Itaque ipsa enim ut et. Aperiam sequi aut ex velit. A doloribus consequatur et cupiditate adipisci voluptates labore. Quidem voluptas amet assumenda libero.',1,'1983-06-05 21:55:08','1988-10-29 20:01:17'),(78,78,78,'Placeat voluptatem libero officia aut laudantium et. Molestias sunt recusandae ut reprehenderit numquam. Rerum alias sed dignissimos non sit dolor.',1,'1996-06-04 19:58:58','1970-11-09 23:29:50'),(79,79,79,'Eum aut cumque non vero. Error aut magni totam blanditiis et. Aspernatur velit adipisci facilis quia. In culpa et architecto ut iusto.',0,'1975-10-08 22:58:07','1986-05-05 04:45:49'),(80,80,80,'Temporibus ut ipsa veniam excepturi accusantium. Fugiat non et et cum cumque laudantium cupiditate odit. Ducimus esse aut ut vel possimus sunt ut.',0,'2009-02-25 06:47:00','2019-05-01 20:34:46'),(81,81,81,'Fugiat vel porro qui tempora. Ut quod illo numquam. Architecto aspernatur aliquam voluptatem rerum amet similique amet. Est sed facilis harum rerum quas.',1,'1972-06-20 13:53:15','1984-09-18 06:19:45'),(82,82,82,'Est dolorum quis placeat autem sunt. Hic sunt vero id dolor aut doloremque labore. Veniam nihil soluta ad. Eius laboriosam tempore illum officia quasi facere animi.',1,'1994-08-15 12:31:33','2003-12-30 04:24:13'),(83,83,83,'Esse nulla earum recusandae consectetur deleniti rerum. Veritatis dolores est quisquam et maxime. Deleniti repellendus ullam nostrum.',1,'1991-07-10 09:17:18','2000-04-25 14:34:21'),(84,84,84,'Voluptas nisi voluptatem rem recusandae ipsum quas praesentium. Qui maxime dolorem placeat et. Est odit sed qui dignissimos similique assumenda.',0,'2018-07-29 21:18:12','2001-05-23 00:30:19'),(85,85,85,'Sit adipisci nihil ab qui non. Et alias totam aut voluptas. Nesciunt sunt occaecati totam odit.\nQuis officiis qui saepe. Eius at qui nihil illum. Nihil delectus alias qui sed.',1,'1995-02-10 20:06:48','1995-06-29 13:29:11'),(86,86,86,'Non esse ut iusto voluptatem. Accusamus consequatur eius accusantium nulla eveniet rerum. Dolores dolorem tenetur occaecati debitis.',1,'2004-10-22 20:23:47','2012-05-23 17:21:56'),(87,87,87,'Blanditiis nobis voluptas expedita perferendis at. Maxime omnis qui rerum vitae praesentium suscipit. Facilis animi voluptatem ad deleniti blanditiis. Ut quibusdam vel odio magni.',0,'2009-09-07 21:23:04','2015-12-06 19:31:29'),(88,88,88,'Rerum deserunt aut et officia odio aliquam dolores aut. Alias omnis ipsum maxime eos similique accusamus possimus. Hic quo nihil occaecati repudiandae ipsa.',0,'2011-01-04 19:02:19','1993-05-16 01:20:43'),(89,89,89,'Corporis earum omnis aliquam quod aspernatur. Soluta eaque porro et. Rem ut ut harum voluptas vel.',0,'2007-01-14 05:22:56','2018-06-10 03:54:00'),(90,90,90,'Inventore facere est aut non placeat. Quaerat asperiores quia sunt in nam. Nesciunt quas quaerat et quas. Cupiditate odit veniam est optio quia.',1,'1982-07-17 06:02:40','2005-03-23 01:22:59'),(91,91,91,'Eius sint quos fugiat necessitatibus voluptatem aut aut. Exercitationem repellat autem aliquam unde et voluptatem neque iste. Dolor ipsa ut voluptatem.',1,'2009-04-27 17:46:17','1978-10-01 02:50:03'),(92,92,92,'Cumque blanditiis ut et officiis. Aut et quia eos amet omnis est. Nemo cupiditate non natus veritatis odio. Dicta libero fuga tempora. Nam et laborum repellat vel sed voluptatum.',0,'1971-03-25 03:23:39','1999-01-16 15:05:05'),(93,93,93,'Odio voluptates pariatur eum ipsum. Nulla fuga vero cum quia maiores dolorem. Rerum quibusdam eos quos molestias qui iste animi. Eum nihil ab et eum et.',1,'1981-01-02 23:17:25','2013-05-04 20:50:18'),(94,94,94,'Nemo vel possimus veritatis commodi sed architecto. Quasi dolorum qui saepe quidem nisi quae alias. Laborum ut possimus saepe sequi non. Ex ducimus quidem impedit in fugit nemo quasi.',1,'2002-09-04 19:46:48','2005-07-27 02:13:53'),(95,95,95,'Tempore dicta aliquam sit ratione quibusdam officia velit. Recusandae et sapiente aut voluptas quasi quam sed. Praesentium ut voluptatibus eum dignissimos et veritatis ab provident.',1,'1986-07-04 10:29:51','2000-11-03 14:09:58'),(96,96,96,'Ipsum repellendus et et voluptatem dolorum accusamus autem ea. Occaecati delectus tempora aliquam eaque voluptas. Dicta et consequatur unde sit illum impedit qui consequatur.',1,'2007-04-22 18:17:15','1972-03-01 05:37:31'),(97,97,97,'Quos ab nemo ad maiores in sed. Totam dolor numquam placeat illo omnis repellat voluptas vel.',1,'2017-10-04 03:35:00','2005-01-14 03:30:07'),(98,98,98,'Voluptatum distinctio quas dolor iusto aut quam facere aut. Voluptas at in aut. Dolorem aut totam laborum sit.',0,'1988-09-21 21:46:39','1983-02-22 01:18:45'),(99,99,99,'Repudiandae odit praesentium in eum ipsam suscipit. Enim quia voluptatem quidem eum. Natus est molestias doloribus magnam at est. In et consequatur asperiores quos accusamus.',1,'1983-12-31 23:58:25','1978-02-16 22:22:18'),(100,100,100,'A magnam consequatur magnam omnis magnam adipisci quas veritatis. Voluptas dolore et asperiores nemo qui ut. Ullam in magnam est aut. Voluptatem adipisci doloremque consectetur aut doloremque.',0,'2019-07-11 05:28:34','1972-11-15 11:59:54'),(101,1,1,'Perferendis ad adipisci quia harum esse corrupti similique. Harum voluptas ad enim est aut voluptatem tenetur. Distinctio officiis aut expedita impedit aut.',1,'1994-04-30 14:12:11','2008-05-24 07:29:04'),(102,2,2,'Ipsa ad omnis voluptate est. Accusamus impedit ut corrupti pariatur voluptas. Iure ea nihil quis sit temporibus voluptatem reiciendis.',1,'2003-06-13 20:50:13','2020-11-14 22:05:37'),(103,3,3,'Dolor optio qui ut eos porro. Et omnis at deleniti nihil. Ipsam iusto pariatur ad officiis cupiditate fuga tenetur quisquam.',0,'1992-06-07 15:43:14','2008-06-17 16:09:23'),(104,4,4,'Atque harum non et facilis itaque. Exercitationem expedita et reiciendis. Autem quia non deserunt labore voluptates repudiandae omnis.',0,'2014-12-12 09:48:19','2019-09-29 20:57:41'),(105,5,5,'Ex minus labore sunt. Sunt quis maxime perferendis repellendus. Praesentium enim harum et consequuntur distinctio.',1,'1992-07-25 02:49:18','1993-07-11 18:51:58'),(106,6,6,'Saepe ut eum iusto tempore maiores. Libero qui est deserunt quam quos voluptatum tenetur. Sint ut minima deserunt placeat quo.',1,'1996-10-08 16:07:30','2019-06-29 13:48:20'),(107,7,7,'Labore sapiente enim delectus asperiores id. Magni sit enim excepturi aut animi. Aspernatur tenetur eius quo minima. Iusto iusto sit sed ut non cupiditate.',1,'2004-01-27 03:47:30','1993-11-18 20:14:26'),(108,8,8,'Exercitationem et earum amet dolores voluptatibus. Illum dolor incidunt facere eveniet dolore cum aliquam. Dolor corrupti molestias mollitia libero.',0,'1989-01-20 01:29:58','2009-05-17 13:14:50'),(109,9,9,'Rem modi minus sunt voluptates. Et earum laborum qui unde dolorem. Enim et nulla molestiae fuga qui consequatur.',0,'2018-09-09 20:27:13','1984-09-25 04:34:50'),(110,10,10,'Ut officia et quibusdam sed. Expedita magni facilis aut in.',1,'1983-05-23 02:51:49','2009-07-19 12:09:52'),(111,11,11,'Totam consequuntur autem est nisi officiis. Nam adipisci consequatur dolores fuga quia ipsam et. Veritatis ullam iste sapiente quaerat illo. Voluptatum ipsa et laudantium minus autem unde.',0,'1982-06-15 18:45:22','2018-04-12 14:07:55'),(112,12,12,'Libero deleniti cum sed tempore ipsum id. Facilis aperiam aut est harum. Modi velit laboriosam nam dolor quas natus.',0,'2001-10-20 23:35:20','1994-05-22 11:56:59'),(113,13,13,'Suscipit sunt distinctio laborum accusantium corrupti officia. Fuga molestiae sit ab vitae aut eos nulla. Aliquid maxime aut aut quos.',1,'2006-01-27 21:16:08','1977-10-12 05:21:52'),(114,14,14,'Illum aut consequuntur modi dolorem ut laudantium. Et qui et quibusdam tempora id voluptas magnam.',0,'1995-10-13 10:40:05','1973-03-05 14:09:59'),(115,15,15,'Voluptatum exercitationem voluptate mollitia ipsum soluta porro nesciunt. Consequatur qui illum iusto sint. Facere tempora at cupiditate eveniet odio inventore ut.',0,'2017-01-03 02:52:23','1998-07-19 00:37:48'),(116,16,16,'Repellat voluptas amet rerum sunt libero iure et est. Accusamus eum iste ratione. Fugiat dolorem consequatur quidem pariatur perferendis perferendis.',1,'1986-03-14 06:19:42','1984-02-29 10:15:17'),(117,17,17,'Nesciunt dolores voluptas sunt asperiores maxime. Exercitationem consequatur aut nemo nulla est est totam. Tempore atque illo delectus velit et.',0,'1989-07-01 12:29:16','2014-11-01 19:38:07'),(118,18,18,'Explicabo omnis vitae eum explicabo eum autem. Est velit voluptas delectus sunt. Aut nostrum ea ducimus nisi molestias ullam vel qui.',0,'2010-09-28 15:59:59','2013-07-25 08:35:20'),(119,19,19,'Et inventore minima dolor temporibus numquam. Rerum eum deleniti voluptatem aut ut. Rerum sed suscipit perferendis laboriosam earum aliquid.',0,'1979-05-09 10:39:26','1980-12-19 17:48:27'),(120,20,20,'Voluptatem consectetur accusantium ut nihil harum quibusdam. Inventore sed dolorum nisi odit reiciendis expedita corrupti. Possimus optio aspernatur enim eos tenetur.',0,'2018-03-15 14:48:25','1999-10-10 16:33:55'),(121,21,21,'Ut quasi et totam aut autem id optio. Voluptas et occaecati molestiae quia molestiae quam autem. Distinctio reprehenderit et voluptatem molestiae.',0,'1988-11-11 16:42:46','2009-10-06 05:11:14'),(122,22,22,'Ducimus quisquam dolores illo excepturi. Soluta ullam et ipsa qui. Quasi consequuntur autem cupiditate rerum molestiae.',0,'1996-09-24 05:17:58','2008-09-04 18:57:16'),(123,23,23,'Ipsam perspiciatis sed quia ipsam aut sint. Hic quaerat tenetur vero tempore. Libero quas atque magni nesciunt reiciendis laudantium et.',1,'1990-07-11 11:04:34','2006-12-20 04:32:21'),(124,24,24,'Beatae iste ut aut est nihil et. Iure facilis cum ex et voluptate aperiam qui.',0,'1993-03-01 08:17:11','1995-02-24 14:31:33'),(125,25,25,'Omnis ut sed officia culpa at reiciendis. Nihil rerum cum et dignissimos atque neque vel. Deserunt atque delectus qui omnis error nemo et. Vero et architecto tempore facilis saepe laborum eum.',1,'1986-11-08 09:39:41','2005-03-12 05:54:39'),(126,26,26,'Quae qui quam sit temporibus omnis facere ea. Sunt enim eum veniam alias facilis ducimus et. Sint quos consequatur aut adipisci assumenda.',0,'2012-01-19 04:21:29','1987-10-07 03:56:19'),(127,27,27,'Culpa et qui maxime natus optio quis fugiat. Porro deleniti dolor harum et optio et culpa molestiae. Illo distinctio ut dolorem qui optio harum. Sed accusamus vel odio.',1,'1997-08-06 01:29:10','1974-08-19 04:44:39'),(128,28,28,'Minima deserunt sint modi laboriosam in laudantium quia libero. Odit non praesentium perferendis labore cupiditate non. Et voluptas delectus non nemo. Aut delectus autem voluptas id est.',1,'2021-02-13 12:23:28','1972-09-13 02:09:07'),(129,29,29,'Eos ducimus dolorum magni dignissimos qui. Et quia in atque velit necessitatibus dicta nemo. Eveniet similique nemo laboriosam quibusdam. Eos incidunt suscipit voluptates est nobis rerum.',0,'2010-12-21 15:17:03','1970-07-11 13:25:20'),(130,30,30,'Harum molestiae quisquam ducimus aut ut. Aut vero et dignissimos est quo delectus. Et totam at aliquid. Ad sunt accusantium earum mollitia nesciunt. Reprehenderit repellendus assumenda nostrum.',0,'1996-04-30 04:17:50','1973-03-08 05:12:09'),(131,31,31,'Et tenetur sint aut quia et fugit. Aperiam et ex facilis explicabo quae delectus maxime. Aut et rerum temporibus qui sit qui. Impedit sit id ullam ut iusto corporis aut.',1,'1989-07-13 14:35:12','1985-09-09 10:18:18'),(132,32,32,'Qui voluptatum illum tenetur velit. Inventore corrupti tenetur tempore voluptas et dolores. A velit voluptatem id tempore.',1,'2000-12-01 18:23:25','1986-05-23 06:02:06'),(133,33,33,'Facere magnam ipsa omnis. Aliquid quo voluptas aspernatur perspiciatis non. Sed sed soluta illo quaerat consequatur et. Mollitia vitae eum molestiae quo. Quia repudiandae ipsum quae hic sapiente.',0,'1990-08-06 05:23:12','2012-05-07 14:19:26'),(134,34,34,'Accusantium quia quia iure asperiores est. Tempora amet laudantium cumque consequatur ut. Ut nemo rem at enim non saepe ea. Blanditiis beatae et possimus nisi vel.',0,'1984-07-14 22:55:44','1979-07-05 22:40:57'),(135,35,35,'Eaque harum rerum culpa ea voluptatem. Eum debitis voluptatibus ab pariatur.',1,'2010-07-06 15:02:21','1994-05-15 19:25:31'),(136,36,36,'In labore libero et. Ut accusamus sint quibusdam nam consequatur sequi. Molestiae autem assumenda quo quod facere deserunt iusto qui.',0,'2006-09-23 20:42:56','2014-10-26 15:23:59'),(137,37,37,'Corporis nam optio aut doloremque adipisci odit illo. Consequatur labore quas id sit facilis perferendis. Inventore quis in aut.',1,'2000-08-08 15:22:27','2013-05-02 22:26:11'),(138,38,38,'Explicabo ut dolorem molestias consequuntur nobis. Minus aut maiores odio non odio.\nAspernatur sunt blanditiis rerum. Ducimus dolorem error et totam reiciendis ex. Molestias aut maiores enim est.',0,'2009-10-02 01:22:57','1972-01-19 22:29:21'),(139,39,39,'Omnis fuga sint blanditiis consectetur vero et. Quasi autem quia temporibus delectus officia minima ab corporis. Quo ab est rem eligendi impedit quia consequatur.',0,'1985-04-03 18:24:20','1991-04-07 20:25:11'),(140,40,40,'Repellendus fuga pariatur expedita incidunt. Fugit perspiciatis accusantium dolorem corrupti et sint.',1,'1972-03-22 11:07:56','1994-01-09 14:06:21'),(141,41,41,'Tenetur et ut ratione distinctio quam qui ea. Est eos nihil ducimus quae.',1,'2000-01-11 04:34:26','1972-01-14 02:58:16'),(142,42,42,'Tenetur aut ea voluptatem ut eveniet. Laboriosam expedita rerum similique aut. Aliquid consequatur aut non quo non. Atque cumque sed autem.',0,'1975-03-05 20:57:41','2008-06-05 22:16:41'),(143,43,43,'Et cum autem error praesentium culpa recusandae similique repellat. Enim et non reiciendis doloremque doloribus.',1,'1981-08-24 05:31:33','1994-08-17 21:35:19'),(144,44,44,'Aspernatur ut voluptas tempora nostrum voluptas. Praesentium consequatur et enim nihil aut corporis. Aut quae sunt non officiis libero optio sed.',0,'2008-12-26 18:25:07','2003-02-01 22:12:45'),(145,45,45,'Rerum cumque nisi sit maiores cumque et. Maiores quia tenetur deserunt numquam perferendis rerum omnis.',1,'1999-04-05 12:12:32','1993-05-13 13:07:37'),(146,46,46,'Quis perspiciatis minima a fugit. Culpa voluptatem culpa rerum distinctio reiciendis rerum. Earum eum sed explicabo quos quae ut.',1,'1987-07-08 12:55:38','2014-05-05 02:28:51'),(147,47,47,'Consequuntur incidunt non natus. Harum architecto sed at libero ab. Suscipit ullam nam suscipit placeat debitis. Iusto qui at voluptatibus laborum hic atque.',1,'1973-07-01 14:14:41','2008-04-19 04:36:25'),(148,48,48,'Ullam soluta culpa et soluta eos. Officia sunt quod in culpa officia. Vel id aut cupiditate ut velit.',1,'2013-08-02 21:02:09','1980-01-24 17:39:08'),(149,49,49,'Explicabo sint ut sapiente ut expedita consequatur. Suscipit aut quos explicabo in quaerat qui magni. Dolore autem molestiae itaque eos. Et voluptates quaerat ut sint enim architecto consequatur.',0,'1999-06-17 10:52:11','1995-01-29 07:55:09'),(150,50,50,'Velit aspernatur veritatis qui est illum. Ut illum porro facere. Dolore suscipit culpa itaque error sapiente sit aliquam.',0,'2017-02-10 23:14:03','2001-04-20 04:28:37'),(151,51,51,'Illum iste et eveniet et. Qui delectus praesentium ea voluptate dolorem. Aliquid quaerat a ut maiores.',1,'1991-12-25 22:33:48','2014-06-15 09:11:51'),(152,52,52,'Quas sequi ea sit dolorem consectetur tempore quia quia. Voluptas est magni nesciunt qui ut voluptatibus. Et similique numquam et facilis. Quibusdam delectus amet velit ex.',0,'1973-12-03 09:20:31','2020-08-01 07:00:21'),(153,53,53,'Ut iste aut eveniet voluptatem quibusdam omnis. Voluptatibus nisi ab voluptas vitae dolor quia.',1,'2011-11-25 15:37:29','2002-11-26 08:50:26'),(154,54,54,'Et facere sunt aspernatur in sed. Voluptas et illum in vero at ut eligendi. Sed id a illo consectetur.',1,'2004-01-30 03:39:42','1972-01-04 06:40:06'),(155,55,55,'Doloribus quidem dolores aut similique corrupti. Ullam beatae totam et suscipit nesciunt. Deleniti inventore fugiat sunt qui eius vel.',0,'1998-07-09 20:37:15','1983-09-25 05:23:28'),(156,56,56,'Eaque sed et cupiditate ex. Laboriosam quis non accusantium ad dolore. Exercitationem distinctio molestiae consequatur aut et magnam. Voluptatem repellendus molestias nihil repellendus et.',0,'2009-01-01 22:32:58','2004-04-30 08:36:49'),(157,57,57,'Delectus veritatis voluptate dolorem cumque distinctio explicabo ut quia. Doloremque eius dolores dolores ipsa. Quo rerum non unde beatae aliquam.',0,'1976-04-13 11:24:07','1991-06-17 06:02:08'),(158,58,58,'Minima sed iure veritatis amet sapiente asperiores. Enim blanditiis soluta sint dicta dolorem sit exercitationem doloremque. Sunt dolorum repellat ab.',0,'1994-12-28 18:37:45','1975-06-02 23:22:12'),(159,59,59,'Enim explicabo occaecati cupiditate esse quos. Dolorum vel doloribus iusto non ipsum. Tenetur quod omnis omnis. Sit et reprehenderit porro officia.',0,'2013-10-01 06:32:59','1986-07-07 21:33:39'),(160,60,60,'Quae earum illo sunt id nobis quam. Aut atque quasi explicabo aut laudantium. Enim ab in et eius. Hic rerum at iusto.',0,'1991-03-30 12:52:42','1993-01-03 18:25:27'),(161,61,61,'Laborum non saepe provident enim. Quibusdam est necessitatibus sit cumque quaerat ut dicta. Reprehenderit fugiat velit eveniet enim repudiandae. Dolor minus qui est voluptatem.',1,'1990-06-10 02:31:54','2019-01-05 23:42:46'),(162,62,62,'Autem quae vel eos laborum veritatis. Nobis perferendis delectus at dolorem. Facere quod vitae est et ab qui iste. Recusandae enim in modi ad accusantium.',0,'2016-03-22 10:03:59','2017-12-23 10:42:14'),(163,63,63,'Qui ad et nostrum aut inventore qui odio. Est hic eos numquam id voluptatem. Facilis aut ad et ex omnis labore delectus ipsam. Quidem quasi dolorem dolorem enim.',1,'1990-07-22 07:19:30','1976-05-30 09:20:53'),(164,64,64,'Tempora ut optio vel incidunt. Tempore deleniti modi quasi repellendus similique facere. Non explicabo fugit ratione error quo consectetur maiores.',1,'2009-09-14 17:19:03','2003-09-19 23:47:31'),(165,65,65,'Autem atque eos non laboriosam aut perferendis. Voluptatem aut sed neque voluptatem. Quae ea nulla dolorem. Est qui ipsa consequuntur sapiente illum architecto.',1,'1998-10-23 15:46:12','2014-10-22 14:04:11'),(166,66,66,'Suscipit rerum laudantium laudantium ut dicta. Possimus libero aut consequatur impedit aliquid. Exercitationem atque commodi voluptas possimus doloremque in corrupti.',0,'2020-03-10 10:29:36','1999-11-09 00:31:09'),(167,67,67,'Nihil reiciendis impedit officiis saepe. Consequatur repellat voluptatem in debitis enim fugiat. Ab voluptatum et velit qui sit ut. Nisi omnis est quisquam sunt officia ipsam officia.',0,'1974-02-20 08:51:54','1970-05-09 04:31:21'),(168,68,68,'Quidem est et quisquam debitis nemo recusandae ut. Aliquam tempora sapiente dolores aut minus. Ut culpa corporis facilis.',0,'2003-11-13 08:05:08','1980-11-04 00:02:17'),(169,69,69,'Tempora illo quis cum recusandae placeat. Vero esse quis optio quas magni ipsum. Sapiente ad officiis molestiae quas labore.',0,'1986-01-20 20:42:47','2016-10-11 03:56:33'),(170,70,70,'Ut dignissimos et ab laboriosam quia assumenda aut. Qui consequatur error in. Eum dignissimos cupiditate quisquam voluptas dolores totam est.',1,'2003-03-19 19:54:46','1991-09-27 01:47:11'),(171,71,71,'Nisi itaque odio molestiae pariatur. Est assumenda autem et animi sapiente et. Occaecati consectetur et eligendi alias enim. Omnis voluptatem id voluptates perferendis doloremque rem suscipit.',0,'2003-07-15 19:51:48','2017-06-23 02:34:58'),(172,72,72,'Sequi sequi nobis cumque veniam aliquam. Et rem minima dolor porro veritatis. Ipsam ratione modi porro. Accusamus voluptatem eveniet molestiae ea voluptatem corporis.',0,'1988-04-12 03:18:33','2002-03-18 16:50:00'),(173,73,73,'Dolorem sint harum harum nihil dicta aperiam. Nulla deleniti minima quod fugiat amet omnis repellendus. Est omnis enim incidunt est ut nesciunt quia.',0,'2016-02-27 15:49:19','1982-11-19 05:15:23'),(174,74,74,'Officia voluptatem qui aut omnis perspiciatis. Eius ex minima quia. Quam sint dolores autem qui neque nisi. Veritatis placeat reprehenderit eius fugit aut iure.',0,'1991-06-15 08:28:36','2009-04-30 00:06:41'),(175,75,75,'Labore laboriosam voluptatibus laborum quis ut. Doloribus quibusdam ipsam assumenda quis qui perferendis dolor. Impedit impedit asperiores velit velit.',1,'2018-03-20 23:32:11','2009-06-03 15:03:53'),(176,76,76,'Quia tempore et id culpa sunt expedita est ab. Possimus impedit quasi eum consequatur dolorum. Ipsum eligendi quia modi cumque ea autem voluptas dolor.',1,'2012-02-02 11:54:50','1973-11-26 20:18:35'),(177,77,77,'Sequi adipisci similique et doloremque ut. Vel corporis adipisci vitae debitis odit quae quia. Ut autem itaque alias et similique.',0,'1990-05-18 15:52:11','1984-07-12 07:11:39'),(178,78,78,'Architecto quidem vero iste laboriosam voluptas exercitationem voluptatum laborum. Tempora quis non recusandae enim enim nam officiis facere. Est incidunt hic numquam.',1,'1970-02-01 08:10:09','1998-01-27 01:26:10'),(179,79,79,'Est vitae id aut magni omnis dicta. Quia dignissimos sunt et optio. Ipsum minus laudantium deserunt pariatur omnis et voluptatem rerum. Quaerat sit facere cum nostrum perspiciatis pariatur rerum.',0,'2001-12-07 19:01:40','1974-07-20 15:50:11'),(180,80,80,'Est voluptas eius ratione quam itaque alias. Corporis sapiente eius qui eius est possimus. Temporibus dolor quisquam doloremque aut.',1,'2017-07-07 02:45:49','1985-08-31 20:10:25'),(181,81,81,'Repellendus ipsam molestiae nisi veniam similique molestias est. Doloribus quaerat itaque ipsam et. Dolor eligendi quam culpa sequi aperiam. Earum sint eius recusandae rerum molestiae et.',1,'1996-09-25 04:39:35','2016-03-04 03:26:29'),(182,82,82,'Aut dolorem omnis facilis corrupti voluptatem nemo temporibus animi. Ipsam nemo cupiditate optio ex. Quibusdam fugiat maiores quos quae impedit ducimus quo sed.',1,'1987-12-06 06:11:53','1993-01-29 10:32:27'),(183,83,83,'Impedit similique ab fuga quo est eum distinctio. Quo necessitatibus inventore quia veritatis molestiae harum.',0,'1980-08-20 17:19:22','2005-12-30 07:35:40'),(184,84,84,'Vel a rerum veritatis libero sed. Consequatur eos in aspernatur ullam porro. Assumenda iste ullam vero ex laborum quo libero.',0,'1999-04-04 12:40:48','1992-05-16 17:19:10'),(185,85,85,'Officiis veniam sit velit quos minima ipsa consectetur. Repellendus quisquam voluptates est quidem qui. Magni rerum mollitia rem aut accusamus a ea rerum. Molestiae molestiae cupiditate nobis.',0,'2018-05-31 17:17:35','2015-05-03 03:59:45'),(186,86,86,'Mollitia et officiis nesciunt qui. Excepturi dolorum et consequatur a. Impedit eaque officiis ipsa dignissimos. Illum voluptatum voluptatibus dolore error.',0,'2014-11-03 05:05:05','1984-01-18 07:51:48'),(187,87,87,'Quo quos libero illo ipsa. Nam ut est ut fugiat. Itaque veritatis velit eos explicabo. Beatae sed quaerat sed natus assumenda alias.',0,'2011-09-19 01:00:04','1988-10-28 23:57:31'),(188,88,88,'Blanditiis et quo doloribus perferendis. Labore dolores voluptatem possimus ipsum esse. Rem hic porro voluptatibus commodi. Praesentium facilis dolores rem praesentium suscipit.',1,'1988-03-29 19:25:21','2017-08-08 19:22:55'),(189,89,89,'Reprehenderit consequatur minus sequi veniam. Voluptatem reprehenderit sequi qui dolorem facere. Eius et sint molestiae qui sit.',0,'2003-11-21 19:26:49','2010-01-13 04:53:11'),(190,90,90,'Aut laudantium ea in minima officiis est assumenda. Expedita mollitia quaerat consectetur. Cumque laboriosam iusto rem magni quasi numquam.',0,'1987-03-08 11:00:07','1986-03-07 22:42:00'),(191,91,91,'Consectetur repudiandae qui fuga. Repudiandae doloremque aut officiis blanditiis sed recusandae vel exercitationem. Expedita facere aut voluptatem dolores.',0,'1970-06-24 13:40:59','1997-09-27 13:18:41'),(192,92,92,'Sint eos et totam voluptatem expedita aliquam dolores fugit. Numquam exercitationem possimus dolores quidem ratione vel. Similique cumque pariatur aut quia.',0,'1974-03-03 14:02:36','1992-09-21 16:36:45'),(193,93,93,'Beatae quia tenetur velit quaerat vel voluptatem veniam dolorem. Unde iusto aliquid sunt facilis. Omnis est saepe quam aut aut ea.',0,'2007-02-16 16:11:14','2001-09-18 10:41:32'),(194,94,94,'Qui modi consequatur modi. Saepe eaque doloremque nihil nihil. Dolorum et sint libero voluptatem ut. Voluptatem magnam modi distinctio non ut accusantium autem exercitationem.',0,'1998-03-30 14:12:58','2018-04-25 14:12:46'),(195,95,95,'Non vitae eum alias nulla consequuntur doloremque quia. Autem adipisci dolorem fugiat aut. Soluta et tempora maiores laboriosam.',0,'1984-12-14 04:49:39','1981-09-20 14:57:52'),(196,96,96,'Sint inventore dignissimos expedita non. Dolores assumenda sint reprehenderit est eius. Fuga perferendis veritatis quam ad aut.',1,'1984-10-08 12:14:47','2000-08-28 16:07:25'),(197,97,97,'Sed cupiditate possimus pariatur dignissimos. Illum aut totam harum qui non voluptatum. Ratione est excepturi nobis rem et. Nisi est doloribus sed qui cumque rerum ut totam.',0,'1978-09-28 02:39:24','1983-01-01 12:59:52'),(198,98,98,'Aut iusto dolores saepe hic quasi. Aliquam officiis blanditiis aut ut accusamus. Quis nesciunt a unde quam possimus fuga. Porro rerum quaerat quis labore sed.',1,'1976-01-30 13:31:12','1991-04-30 12:33:50'),(199,99,99,'Inventore quibusdam fugiat et ut. Vitae suscipit enim velit nulla et. Tempora aliquam eum ad odit.',1,'1989-06-27 14:25:07','1998-01-08 09:55:04'),(200,100,100,'Est sit aspernatur repellendus dolores quisquam est. Quo fugiat voluptatem quas eveniet. Veniam occaecati aut amet omnis. Velit enim ratione voluptatibus.',1,'1981-04-24 19:31:04','1991-09-15 21:06:34'),(201,1,1,'Similique quis vitae ea itaque et est voluptates. Et dolor enim laborum nihil vitae. Consequuntur facilis minima dignissimos voluptas ipsum impedit.',0,'2012-04-16 08:11:48','2009-11-10 21:21:12'),(202,2,2,'Molestias voluptas fuga quia repellendus et commodi eum dolorem. Earum est aut amet at. Aliquid voluptas qui repellat quo.',1,'2009-02-19 16:55:08','2004-02-28 18:15:11'),(203,3,3,'Rerum consequuntur autem ut eveniet. Error qui voluptate in quas dolor voluptas. Reprehenderit ut dolores ea libero eligendi. Autem fugiat dignissimos nulla quibusdam aut numquam.',1,'2000-02-19 03:59:19','1976-04-15 16:54:28'),(204,4,4,'Et aut et consequatur amet sequi. Explicabo quod est eum aut adipisci.\nItaque ut harum aliquam atque adipisci. Itaque ducimus explicabo fugit repudiandae nulla quia.',0,'2019-10-10 15:39:43','1974-01-18 07:34:49'),(205,5,5,'Mollitia explicabo officia quibusdam illo quod. Velit error nesciunt id perferendis at nostrum.\nIncidunt quo blanditiis id dicta dolore rem. Sit eum ut numquam earum. Quisquam quas aut porro.',0,'1981-09-12 05:46:10','1988-12-28 04:53:32'),(206,6,6,'Consectetur dolores esse ut ipsum facere. Consequatur aut ea iusto. Necessitatibus ea veniam est perspiciatis ut deserunt. Illum natus similique maiores aut nihil ut eum.',0,'1994-12-07 04:56:15','1991-04-03 05:19:13'),(207,7,7,'Voluptas quibusdam facere quos blanditiis cumque. Quae harum dignissimos ea doloribus sequi repellendus veniam. Delectus non nobis sed odio temporibus.',1,'2003-12-12 18:19:21','1995-10-31 05:44:02'),(208,8,8,'Est consequatur omnis ex id. Corrupti sequi et quia necessitatibus eveniet. Quibusdam rem ipsa accusamus mollitia.\nRatione autem quo exercitationem et cupiditate. Temporibus labore porro sed magnam.',0,'2014-01-23 00:53:22','1981-01-29 03:08:42'),(209,9,9,'Aut rerum laborum ut odit. Expedita nihil dolorum beatae non modi sunt iure. Minima sit deleniti dolores eos corporis.',0,'2021-02-15 21:03:04','1986-03-16 02:45:30'),(210,10,10,'Qui voluptas debitis deserunt rerum. Quidem tempora quia necessitatibus officia mollitia est aspernatur. Aliquid ea velit sunt autem nobis aspernatur.',0,'1996-04-09 20:01:37','2015-10-01 04:43:59'),(211,11,11,'Error doloremque dolorum qui occaecati voluptatem eum autem repudiandae. Voluptatem quo corrupti nemo vel autem.',1,'1999-10-07 19:21:56','1985-12-14 20:03:04'),(212,12,12,'Aut inventore laborum voluptatem quas quis. Non qui eum perferendis est. Esse aut architecto eum ut est hic et natus.',0,'2002-04-01 17:20:25','1998-07-02 18:23:36'),(213,13,13,'Reprehenderit qui harum dolorem quos nulla voluptatem. Ratione pariatur omnis libero odit eos et. Quidem nobis laborum qui et molestiae. Quaerat asperiores nulla est ratione reiciendis.',1,'1983-04-23 19:47:56','1977-11-25 20:41:29'),(214,14,14,'Dolores dolorum aut omnis nesciunt eum. Laudantium tempora ex similique quae aut. Harum rerum alias inventore in nostrum adipisci.',1,'1975-01-19 14:34:00','1999-11-23 00:00:03'),(215,15,15,'Non cum rerum rerum delectus. Eaque vel omnis nihil doloremque magni dolorum assumenda. Qui incidunt quia voluptatem reiciendis ut deleniti vitae ex.',1,'1970-04-01 22:59:05','1985-04-23 08:16:20'),(216,16,16,'Aut rerum tempora quibusdam magnam. Est delectus fuga voluptas vitae in maiores rerum. Et est eum dolorem ut vitae animi. Alias eum labore perspiciatis suscipit et.',0,'1971-08-12 22:07:40','1975-05-30 13:00:08'),(217,17,17,'Esse aperiam laboriosam tempora sed sed excepturi repellendus perspiciatis. Consequatur eos excepturi ea exercitationem perferendis dolore. Voluptatem et ullam et rerum dolor non.',0,'2020-05-29 02:50:38','1977-03-25 17:27:48'),(218,18,18,'Qui dignissimos sed saepe enim quis. Accusamus qui ut ducimus voluptas voluptatem aspernatur. Neque voluptatem ducimus rerum eius. Molestiae dolorem illo itaque et velit est.',1,'1986-07-25 12:11:01','2011-09-16 14:39:47'),(219,19,19,'Dolor voluptatum dolores expedita voluptas explicabo voluptatem nihil. Numquam id qui unde mollitia facilis quasi placeat. Ipsum voluptas maxime est vitae et. Cupiditate ipsa nam placeat.',1,'2006-07-11 09:26:41','2003-10-04 13:27:39'),(220,20,20,'Illum molestiae quis omnis ipsum deserunt illum. Quia molestias et ad minima reiciendis dolor ut. Et voluptatem blanditiis mollitia quis iusto quia. Omnis in ut in voluptas distinctio eum ut.',0,'1993-04-28 14:40:33','1978-09-24 19:33:52'),(221,21,21,'Earum corporis asperiores molestias at. Minima explicabo aperiam repudiandae. Ut veritatis enim culpa. Ipsa amet cupiditate illo qui.',0,'2004-06-22 19:23:09','1981-12-23 02:30:14'),(222,22,22,'Quo quo voluptatem ut cumque in. Dignissimos sit eum necessitatibus vel ut debitis et. Hic provident reprehenderit aut officiis. Veritatis sit qui non.',0,'2000-06-07 16:07:50','2002-01-12 13:54:53'),(223,23,23,'Minus sunt molestias omnis. Reiciendis iure sit sunt qui voluptatum. Velit voluptatem ut totam quo odio accusantium.',1,'2004-08-22 00:17:07','1987-05-07 16:38:32'),(224,24,24,'Ipsam quaerat qui veritatis eveniet eius facilis. Deserunt eius sed rerum sapiente consequatur.',0,'2006-10-04 14:35:57','1975-04-06 15:26:29'),(225,25,25,'Quis consequatur illum nisi id et. Voluptate voluptatem ullam minus cupiditate. Nam dolorem quisquam culpa voluptatem quidem molestiae.',0,'2017-12-14 09:51:51','1973-08-11 07:47:55'),(226,26,26,'Et architecto aut velit omnis perspiciatis necessitatibus quam. Vel laudantium voluptates voluptas maxime. Est eaque dolores aut voluptatem. Porro et qui debitis et veniam fugit et.',1,'2020-11-15 14:19:35','2011-12-16 11:00:06'),(227,27,27,'Aliquam sint provident fuga similique et. Ab vel vel nostrum officia. Perspiciatis rerum quo quam dolor optio sint sunt. Aut sit eum magnam sequi quo molestiae ab nam.',0,'2001-02-11 15:16:18','1977-09-19 07:36:02'),(228,28,28,'Rem ipsam aut eligendi iste architecto. Exercitationem facilis recusandae non architecto architecto sit debitis.',1,'2009-05-26 15:43:54','1995-02-20 06:08:04'),(229,29,29,'Aut voluptatem quia delectus at quae. Ratione dolorem est non id unde veniam. Quis vero qui voluptate aut.',0,'1979-11-27 06:11:00','2002-09-10 12:55:23'),(230,30,30,'Atque iusto sit magni ex. Aliquid ipsa in sed ea. Quia fugit et natus laboriosam sint. Sed maxime accusantium ab quo aperiam.',1,'1995-07-20 12:36:08','1979-01-10 22:01:09'),(231,31,31,'Ab facere ut consequatur quam voluptatem. Natus molestiae quisquam omnis nobis vitae. Vero praesentium sed repellendus. Eos assumenda est voluptatem eos praesentium.',0,'1992-03-08 05:10:54','1999-04-21 14:06:01'),(232,32,32,'Ad natus dolorum neque. Aperiam nemo omnis earum sapiente laborum iusto nam laudantium. Aspernatur nam nisi tenetur odit eligendi quia. Iusto sit quia ab eaque.',0,'1983-10-09 23:54:20','2014-03-12 18:27:03'),(233,33,33,'Nesciunt placeat aut placeat adipisci impedit ut repellendus. Ut occaecati quidem quas. Dolores consequuntur voluptatum dolorem nam. Sunt sit quam quia voluptas perferendis aliquid esse.',0,'2012-12-04 03:39:29','1997-01-27 19:35:29'),(234,34,34,'Tempora maxime sint numquam laudantium nesciunt consequatur. Magni earum expedita quisquam consequatur. Porro sequi quam officia aliquid ipsum exercitationem repudiandae.',1,'2010-04-23 17:31:28','1977-04-01 16:07:04'),(235,35,35,'Ad architecto minima dolore recusandae tempora. Mollitia culpa nam expedita iure sint. Quidem velit error et eum.',1,'1990-07-07 14:42:03','1971-12-23 19:43:01'),(236,36,36,'Iure consequatur voluptatem commodi et rerum debitis sed. Nostrum molestiae et totam consequatur atque. Iusto repudiandae sit maxime sunt itaque. Et amet illum nisi eveniet.',0,'1989-09-22 03:39:35','1999-12-17 14:09:52'),(237,37,37,'Recusandae illum distinctio officia veritatis iure natus ipsum. Est necessitatibus non et repudiandae rerum veritatis. Molestias modi et quia qui molestiae et ut rem. Labore ea sit porro quo.',1,'2000-06-10 17:53:24','1985-01-31 08:18:50'),(238,38,38,'Quis aspernatur fugit sed ipsum consequatur molestias. Recusandae aut iusto qui sed dolorum. Exercitationem harum ducimus quibusdam consequatur aut voluptatem. Commodi quas facilis quasi.',0,'1989-09-29 05:27:37','2018-08-08 21:03:09'),(239,39,39,'Tempore dolore est fuga qui qui quia vero. Qui et ea a. Fugiat minus et temporibus. Quo rerum suscipit eveniet.',1,'2010-10-08 05:26:23','1989-07-09 10:50:00'),(240,40,40,'Sequi qui aut adipisci et eum doloribus. Temporibus ad illo adipisci minus odio. Sed aliquam explicabo quo consequatur hic corrupti unde fuga.',0,'1991-07-15 18:27:58','1981-09-06 01:25:49'),(241,41,41,'Quibusdam quasi est delectus ex in. Laudantium quia voluptatem explicabo ratione rem voluptates corrupti. Omnis sequi perferendis eum suscipit asperiores consequatur.',0,'1997-12-09 22:08:48','1999-08-22 05:34:57'),(242,42,42,'Voluptates dolores facere est molestiae nam similique quis. A optio quaerat officia ea ducimus maiores. Quo eaque molestiae dolores sed.',1,'2003-05-17 17:21:31','2016-02-18 21:35:54'),(243,43,43,'Officiis molestiae ut autem quam. Vel vel ea quidem aut voluptatum dolores totam. Voluptas qui dolores sapiente ad temporibus omnis debitis.',1,'2017-02-25 00:46:15','1991-10-28 11:00:15'),(244,44,44,'Optio et molestias temporibus recusandae autem nihil. Sint est aliquam aut ut consequuntur iusto. Ut nihil pariatur magni rem cupiditate esse.',1,'1979-03-04 05:16:27','1982-05-07 07:26:34'),(245,45,45,'Consequuntur repellendus hic distinctio architecto quo nesciunt qui. Non natus eius suscipit itaque ipsam quo. Et voluptatem corrupti sed deleniti rerum. Tenetur qui dolores ipsum ea et ut.',1,'1978-01-24 15:56:27','1971-07-29 11:46:48'),(246,46,46,'Vero omnis laudantium voluptatibus mollitia possimus. Est ut ea est at. Perspiciatis minima corrupti totam reprehenderit temporibus necessitatibus in dolor.',0,'2004-11-28 14:22:28','2010-10-11 20:50:53'),(247,47,47,'Dolorem illo dicta sint deleniti aut necessitatibus minus. Voluptatem sit minima veritatis officiis blanditiis. Ipsa nam quisquam architecto est ducimus.',0,'2017-11-04 09:41:26','1972-07-15 09:59:09'),(248,48,48,'Hic dolorem aut quae porro. Aut consectetur necessitatibus perspiciatis ea ab unde.',0,'1974-10-08 19:28:39','1981-06-20 18:02:50'),(249,49,49,'Sit eum deleniti et. Expedita assumenda et voluptas est ut voluptatibus. Eos possimus necessitatibus soluta qui voluptate est consequatur. Eius quod officiis in repellendus totam quia sint.',1,'1986-02-10 22:18:35','2011-06-29 04:01:01'),(250,50,50,'Explicabo commodi vel qui ex aspernatur amet. Eum voluptas enim reiciendis molestiae voluptas dolorum sint. Sed commodi laboriosam libero asperiores voluptatem molestiae dolores.',1,'1999-04-30 23:52:39','2002-02-13 10:05:13'),(251,51,51,'Qui est nemo excepturi deleniti cum dolores. Animi voluptatibus eius non ut autem tempore sequi cum. Neque illum sequi est voluptas.',0,'1988-03-21 05:22:08','2007-11-11 03:01:30'),(252,52,52,'Reiciendis fugit eum dignissimos quos molestias non magnam iure. Modi in voluptas voluptatibus nulla tempora odit. Ratione est quae quibusdam facilis.',0,'1970-09-09 06:42:33','2015-02-16 11:32:52'),(253,53,53,'Officia aut labore ut nisi pariatur. Voluptate dolorem quia quasi distinctio porro. Aut harum aut unde ipsum possimus rerum consequatur.',1,'1985-03-25 16:44:34','2020-03-10 13:50:38'),(254,54,54,'Eos voluptate quia et quam dignissimos ea ex non. Dignissimos vitae eos laboriosam praesentium iure. Rem rerum corrupti asperiores. Et velit natus ea eaque quis et modi voluptatibus.',1,'2016-03-20 21:27:21','1997-07-30 07:33:21'),(255,55,55,'Sint ab aperiam rerum eveniet. Veniam quo harum labore omnis optio sed. Quia voluptatum ut quia dolor tempore non.',1,'2018-03-16 16:20:46','2010-01-15 20:26:37'),(256,56,56,'Aut ut eligendi a eaque molestiae eos odio. Fugiat nihil eos blanditiis porro quibusdam laudantium et hic.',1,'1985-03-26 19:25:46','2006-02-03 15:28:01'),(257,57,57,'Aspernatur perspiciatis ut rerum dicta sint quia. Voluptatem quia eius qui nemo aliquid. Sit ratione voluptatibus quo sunt. Qui est voluptas ex labore quas.',1,'2002-12-29 17:49:42','1989-03-26 05:35:42'),(258,58,58,'Libero in tenetur provident alias ut corporis sint. Quia aliquam nihil provident nihil repellat. Nisi adipisci est rerum aliquam.',1,'1995-01-30 06:31:29','1997-05-11 00:54:54'),(259,59,59,'Laudantium et rerum voluptate qui. Odit ipsam voluptatem deserunt voluptatibus non aut ullam. Debitis voluptatem nemo qui dolor. Dignissimos eligendi repellendus quia blanditiis dolor placeat nihil.',0,'2004-05-04 00:34:12','2000-07-24 03:16:38'),(260,60,60,'A aspernatur optio laudantium dolorem est nam ducimus. Ad eum in error commodi. Temporibus quia ut consequatur dicta.',0,'2018-06-27 17:02:15','2015-02-24 19:42:37'),(261,61,61,'Unde nisi optio ut et magnam qui excepturi. Qui occaecati tempore occaecati sit aut. Nesciunt fugiat est laudantium nihil adipisci. Nisi voluptatem animi possimus quae culpa.',1,'1980-12-04 08:34:06','1975-01-23 01:55:18'),(262,62,62,'Ut sit commodi consequatur et repellat voluptatem eum. Veritatis temporibus et ipsum qui voluptas dolor. Officiis voluptatem beatae eum occaecati.',0,'1986-07-05 06:04:11','1997-05-12 21:33:35'),(263,63,63,'Impedit molestiae minima velit. Quos quas maxime possimus consequuntur voluptatibus repellendus exercitationem. Omnis mollitia odit incidunt error rem facere commodi provident.',1,'1984-07-01 06:06:07','1986-12-27 04:33:26'),(264,64,64,'Sit pariatur neque voluptates nihil consequuntur. Tempore maxime recusandae quaerat et qui. Qui voluptatem cumque nesciunt qui aut et.',1,'1979-03-21 12:38:29','1988-03-18 05:32:24'),(265,65,65,'Alias repellendus laboriosam dignissimos et. Vel sint aut quasi sapiente eum. Facilis soluta quia ipsum est. Ut quod et quam deserunt.',0,'1974-03-04 11:42:21','1986-03-21 06:39:04'),(266,66,66,'Eum nulla eveniet dolores quisquam totam et quam. Ut omnis est est. Distinctio esse iusto et voluptatem voluptatibus aut. Recusandae voluptates consequatur ut iste blanditiis cumque recusandae.',1,'2000-01-09 07:38:29','1991-07-22 14:35:29'),(267,67,67,'Repellat animi ut quasi odit. Iure ut voluptatibus et. Ut quo quod necessitatibus hic temporibus commodi at.',1,'1985-10-15 05:44:41','1978-04-02 17:08:43'),(268,68,68,'Consectetur iste nobis eum quibusdam. Est totam porro quis aliquam beatae quia laboriosam cumque. Dicta minima ut veniam aliquid impedit magnam.',1,'1998-03-24 04:19:10','1993-01-19 01:13:22'),(269,69,69,'Iusto consequatur iste et officia voluptas et. Nulla ea aut eaque eveniet officia. Numquam quia ad eos iusto explicabo. Ipsum non possimus architecto.',0,'1974-11-16 06:59:14','1987-04-07 19:27:47'),(270,70,70,'Saepe saepe aliquam delectus. Possimus doloremque est atque porro. Voluptate saepe doloribus est quae. Quis nesciunt et cupiditate exercitationem.',1,'1983-02-12 14:35:30','2005-06-09 00:25:38'),(271,71,71,'Porro dolorem eaque et dicta. Voluptatem sapiente est itaque aperiam.\nUt in sint officia aut et facilis modi. Non quas sunt quis laborum.',1,'2018-03-01 13:30:47','2019-08-27 09:23:58'),(272,72,72,'Rem deleniti vel sapiente hic iusto. Quod consequatur dolores corporis quas culpa non vel. Impedit et est omnis voluptates incidunt hic. Quia ut sapiente dolor voluptas qui minima nisi.',0,'1990-12-11 11:58:32','1999-08-30 00:58:07'),(273,73,73,'Ut est nemo autem est aut. Qui quibusdam minima enim numquam cumque. Magnam illum dignissimos veritatis pariatur nulla aut.',0,'1973-10-30 00:52:06','1982-08-07 19:26:14'),(274,74,74,'Ut occaecati ut est aut. Tempora fugit commodi impedit assumenda cupiditate quas nemo. Eos vel eum unde qui. Non eos et quidem architecto placeat qui est sit.',1,'1999-12-25 23:51:04','2017-01-12 16:08:58'),(275,75,75,'Dicta aliquam voluptates provident sunt nam tenetur enim. Quis alias hic rerum sit id. Et et doloremque odit itaque quis quia.',1,'1983-03-30 02:28:29','1987-10-12 14:09:24'),(276,76,76,'Ut ratione ea possimus dignissimos ipsa et et omnis. Quam sed repellat veniam repudiandae quisquam sunt. Cumque consequatur quam voluptatem et in et.',1,'2012-04-25 03:32:22','2012-08-26 02:03:01'),(277,77,77,'Sunt ut placeat cumque earum. Incidunt et ut aut. Aut similique qui dolore doloremque laborum nisi quae.',0,'1988-11-10 04:26:10','2017-10-03 21:54:20'),(278,78,78,'Iure doloribus necessitatibus blanditiis sit est suscipit sapiente. Quae et illo molestiae earum illo. Voluptas sit et mollitia et.',1,'2008-06-13 20:39:27','1970-06-20 14:50:41'),(279,79,79,'Expedita id est dolor laboriosam. Necessitatibus earum repellat aliquid voluptates aut ullam. Reprehenderit illo itaque et suscipit.',1,'2006-08-25 21:35:04','2016-06-26 18:26:30'),(280,80,80,'Sapiente aut consequatur id ea est labore. Similique dolore deserunt est consectetur sed. Pariatur magnam beatae nisi fuga. Voluptatum a sunt sed maiores possimus.',0,'1973-11-09 20:32:56','1989-04-05 16:30:13'),(281,81,81,'Esse reiciendis autem ut iusto quis. Est alias fuga iure odit molestias est amet. Aliquid omnis impedit hic repudiandae. Totam minima unde officia minus in.',1,'1977-02-23 03:18:54','1987-02-11 17:58:53'),(282,82,82,'Dolor quo et molestiae explicabo nam temporibus. Repellat quidem sit alias. Vel id velit consequuntur mollitia dolorem voluptas rerum eos. Ullam quaerat et unde sapiente incidunt.',1,'2019-12-02 01:44:41','1991-10-24 04:19:01'),(283,83,83,'Incidunt facere non nemo rerum sit quae. Facilis et ut aspernatur rem est eius. Quisquam sint molestias inventore inventore provident non fugit.',0,'1995-05-24 17:22:15','1971-05-01 18:52:35'),(284,84,84,'Fugiat quia neque necessitatibus dignissimos enim. Esse repellendus est quibusdam quasi sit repudiandae quasi. Distinctio modi reiciendis quos dolor.',1,'2007-07-25 01:24:06','2001-04-04 19:02:44'),(285,85,85,'Ratione dolores dolorum dolores sed nihil amet velit impedit. Quaerat corporis et nesciunt explicabo nihil. Ipsam hic deleniti nobis iste molestiae reiciendis et est.',0,'2011-09-15 00:13:40','1979-05-23 07:58:34'),(286,86,86,'Aspernatur est aut ad voluptas autem. Sunt rerum qui aperiam ut aperiam doloribus rerum. Facere dicta magnam molestiae magni nihil mollitia veritatis. Accusamus aperiam dicta totam recusandae.',0,'1981-06-25 22:17:06','2011-12-11 07:50:04'),(287,87,87,'Voluptatem ducimus ullam amet eos quis inventore. Eligendi numquam sequi quis sit voluptatem ut ut.',0,'1994-05-08 00:33:15','2015-01-13 03:03:21'),(288,88,88,'Corporis est est magnam quis. Voluptatem qui rerum qui vel quae. Dicta saepe in at nesciunt at.',1,'1982-12-20 18:52:46','1984-05-11 00:51:22'),(289,89,89,'Autem ratione dolorum reiciendis velit id provident earum. Eaque non dolorum a modi sint rerum. Aut est debitis corporis autem officiis doloremque. Quod fugit et perspiciatis sunt excepturi.',1,'2012-09-08 16:59:42','1988-12-03 05:46:20'),(290,90,90,'Sequi sed esse alias perferendis distinctio quo impedit. Maiores rerum explicabo unde praesentium. Et eum et et qui.',0,'2006-01-14 16:12:40','1978-05-01 14:15:53'),(291,91,91,'Repudiandae quam asperiores non perferendis at nihil excepturi. Sapiente rerum ducimus consequatur. Error omnis aut libero voluptate rerum impedit minus.',1,'1997-05-22 13:00:16','1990-07-24 05:29:25'),(292,92,92,'Mollitia harum ea magnam eos quia. Assumenda voluptas quis quia unde rerum. Beatae placeat temporibus voluptates tempore esse dolorem. Atque ipsam ut id qui hic et.',1,'1989-05-24 23:08:03','1986-05-23 16:27:11'),(293,93,93,'Officiis quia nesciunt distinctio porro quasi. Ut fugiat beatae est eum ab. Eum necessitatibus quos facere aut. Consequatur veniam omnis omnis voluptatem.',0,'1996-03-30 11:35:50','1979-04-30 19:18:53'),(294,94,94,'Et soluta enim qui quia. Et ut consequatur aut veniam qui. Quod recusandae voluptas magnam amet.',0,'1985-04-29 06:30:00','1984-08-05 17:08:48'),(295,95,95,'Aut corporis inventore doloremque vel et sit et. Tempore quos tempora est enim voluptatem consequatur modi laudantium. Vero expedita voluptas dolores.',0,'2013-06-23 00:47:22','2011-03-26 15:13:22'),(296,96,96,'Aperiam error enim quia natus. Laborum quo ab dolore doloremque. Provident praesentium fugit sit at error porro vero sit. Perspiciatis sed veniam minus modi quasi magni tenetur consequuntur.',0,'2003-05-28 22:40:30','1972-09-23 19:32:48'),(297,97,97,'Inventore est tempore porro numquam praesentium aperiam quibusdam. Quidem ut maiores est et omnis. Inventore quas voluptatibus maiores explicabo. Quasi et sit ab.',1,'2015-09-06 14:32:48','1985-03-30 06:20:48'),(298,98,98,'Tempore quo eos quia non et voluptatem laudantium. Omnis laudantium neque est optio eum et quo. Optio aut magni rerum consequatur nisi.',1,'1970-02-16 05:03:20','2013-12-25 12:23:32'),(299,99,99,'Voluptatem quod quo sed rerum. Hic maxime eum aut quibusdam explicabo. Officiis commodi molestiae consequatur ullam culpa. Ad rerum tempore earum repudiandae tempora cupiditate commodi.',0,'2018-06-02 18:44:07','1993-04-26 19:35:07'),(300,100,100,'Itaque voluptatem culpa sed odio ea aut cumque. Velit nesciunt illo iste aperiam saepe. Rerum est ipsam ducimus odio. Fugit officia et ab rerum eum harum iure.',0,'2015-07-07 08:44:41','1987-11-19 15:29:11');
/*!40000 ALTER TABLE `messages` ENABLE KEYS */;
UNLOCK TABLES;

--
-- Table structure for table `profiles`
--

DROP TABLE IF EXISTS `profiles`;
/*!40101 SET @saved_cs_client     = @@character_set_client */;
/*!40101 SET character_set_client = utf8 */;
CREATE TABLE `profiles` (
  `user_id` bigint(20) unsigned NOT NULL,
  `gender` enum('f','m','x') COLLATE utf8mb4_unicode_ci NOT NULL,
  `birthday` date NOT NULL,
  `photo_id` bigint(20) unsigned DEFAULT NULL,
  `user_status` varchar(30) COLLATE utf8mb4_unicode_ci DEFAULT NULL,
  `city` varchar(130) COLLATE utf8mb4_unicode_ci DEFAULT NULL,
  `country` varchar(130) COLLATE utf8mb4_unicode_ci DEFAULT NULL,
  UNIQUE KEY `fk_profiles_users_to_idx` (`user_id`),
  UNIQUE KEY `photo_id` (`photo_id`),
  CONSTRAINT `fk_profiles_users` FOREIGN KEY (`user_id`) REFERENCES `users` (`id`)
) ENGINE=InnoDB DEFAULT CHARSET=utf8mb4 COLLATE=utf8mb4_unicode_ci;
/*!40101 SET character_set_client = @saved_cs_client */;

--
-- Dumping data for table `profiles`
--

LOCK TABLES `profiles` WRITE;
/*!40000 ALTER TABLE `profiles` DISABLE KEYS */;
INSERT INTO `profiles` VALUES (1,'f','1976-07-02',561472954,'Cupiditate in unde ad assumend','Port Ryanport','China'),(2,'m','1992-04-04',0,'Et labore sed ea quia. Consect','West Gaetano','Somalia'),(3,'m','1987-03-03',444824621,'Sint ex necessitatibus earum s','Port Beulahburgh','Saint Martin'),(4,'m','1991-12-27',2363802,'Nisi possimus soluta et dolore','South Russ','British Virgin Islands'),(5,'f','1970-05-13',1481,'Eos omnis velit ea maiores. No','Jettieview','Northern Mariana Islands'),(6,'f','1990-09-03',1271159,'Nulla corporis tenetur rerum c','West Retaview','Anguilla'),(7,'m','2000-10-27',8,'Rem non voluptatum ut voluptat','Raynorland','Armenia'),(8,'m','1993-03-02',297,'Assumenda dolorem asperiores e','Port Madysonhaven','Northern Mariana Islands'),(9,'m','1986-04-15',8597669,'Iure necessitatibus itaque del','South Vivienchester','Algeria'),(10,'f','1999-11-04',9,'Deleniti enim tempora providen','East Brycebury','Norfolk Island'),(11,'f','2009-03-28',697,'Cum rerum suscipit et non reru','Koreyside','Belarus'),(12,'m','1992-08-28',754791,'Cum officiis neque optio atque','Lake Tyresefurt','Australia'),(13,'f','1982-06-27',85420,'Quis provident qui voluptatem ','East Hettiemouth','Andorra'),(14,'f','1990-05-27',891579,'Voluptas sed quasi eveniet vol','West Aniyahmouth','Cote d\'Ivoire'),(15,'f','1976-03-10',29,'Ut est et similique harum qui ','South Celestine','Montenegro'),(16,'f','1999-06-25',530624,'Amet cum ut suscipit asperiore','East Alycia','Palestinian Territory'),(17,'f','1995-10-08',285,'Molestiae veritatis et et est ','South Meghanhaven','Maldives'),(18,'m','1990-02-04',47342,'Omnis et quidem aspernatur err','Port Finnfort','Cote d\'Ivoire'),(19,'m','2003-05-21',3236,'Eos quia aspernatur ipsam omni','Cecileborough','Mauritania'),(21,'m','1984-02-10',17,'Eligendi animi omnis cumque fa','East Idellton','Anguilla'),(22,'f','1977-01-02',2,'Consequuntur voluptatem illo d','McKenzieport','Gibraltar'),(23,'f','1998-01-21',23789,'Veritatis doloremque cupiditat','Nitzscheland','Singapore'),(24,'m','1980-02-02',12,'Sed sit sed qui sed error dolo','Emmerichport','Tuvalu'),(25,'f','2002-12-19',48865,'Sed aperiam itaque voluptatem.','Baumbachland','Hong Kong'),(26,'f','1996-02-01',3,'Nisi reiciendis quo cum conseq','Maxieshire','Cyprus'),(27,'m','1981-11-14',21593356,'Architecto et ut aliquam sequi','North Hulda','Yemen'),(28,'m','1973-01-27',153,'Hic exercitationem a omnis dol','Hilpertshire','Niue'),(29,'m','2005-01-01',4657136,'Fugit molestiae voluptatem mol','Faheyberg','Mayotte'),(30,'f','1987-07-21',634139,'Tenetur enim ea provident cons','Erickchester','Morocco'),(31,'m','1982-11-29',34500733,'Est alias aspernatur modi quia','West Euna','Botswana'),(32,'m','1970-06-19',353802,'Consectetur iure vel laborum h','Calebchester','Saint Pierre and Miquelon'),(33,'f','2009-12-01',98,'Voluptatem repellat consectetu','East Jazlyn','Madagascar'),(34,'m','1996-05-28',38356,'Accusantium aperiam doloribus ','Victorfort','Greenland'),(35,'m','2018-03-31',1,'Rerum quod et doloremque fugia','Jailynhaven','Nigeria'),(37,'m','2009-10-08',168,'Rerum nihil illum perspiciatis','Patrickbury','Afghanistan'),(38,'f','2016-01-29',3155,'At veritatis magnam doloribus ','Leslyfort','Madagascar'),(39,'f','2000-01-07',347,'Consectetur porro repellendus ','Royview','Ghana'),(40,'f','2011-09-14',33490100,'Odio dignissimos veniam distin','Hazlemouth','Sudan'),(41,'f','1977-01-11',16214,'Rerum minus recusandae laborum','Alexview','Greece'),(43,'f','2004-05-06',818680,'Ut excepturi earum et impedit ','Beahanland','Mauritius'),(44,'m','2000-07-08',4,'Accusamus laudantium magni a s','South Jaren','Suriname'),(45,'f','1998-07-21',83,'Eum ducimus commodi voluptatem','Barrowsside','Saint Lucia'),(46,'m','1982-07-01',183318,'Itaque eum beatae iusto. Ratio','Port Adriannaland','Suriname'),(47,'m','1991-05-30',1354,'Numquam quia suscipit ex quo m','Kohlermouth','Colombia'),(49,'f','2005-03-21',81,'Quae error qui aspernatur porr','Port Dorthy','Belarus'),(50,'m','2000-07-28',773251518,'Sed eveniet aut eaque eaque de','Lake Dallastown','Romania'),(51,'m','2014-05-11',4086,'Recusandae placeat explicabo e','Trompport','Papua New Guinea'),(52,'f','1998-05-18',423717030,'Iusto perspiciatis beatae prae','Ernsermouth','Lebanon'),(53,'f','1977-12-17',351127614,'Voluptas eum at saepe ut. Dict','Lafayettefort','Liberia'),(54,'f','1995-04-28',96,'Fugiat explicabo hic earum adi','West Madalyntown','Cyprus'),(55,'f','2005-04-11',21588224,'Rerum aut ipsa assumenda volup','Lamarbury','Denmark'),(56,'f','2009-02-01',367132,'Quis nulla ut nesciunt ex dolo','South Maxime','Belarus'),(57,'m','2019-02-26',52,'Omnis consequuntur quisquam cu','Gwendolynbury','Afghanistan'),(58,'m','1998-07-30',7736,'Delectus odio veritatis culpa ','South Noe','Lithuania'),(59,'f','1980-12-28',4404,'Iusto ipsam consequatur ex dol','Coryshire','Montenegro'),(60,'f','1979-09-07',21955570,'Dolor cumque architecto ullam.','Larsonside','French Southern Territories'),(61,'m','2014-10-26',7932734,'Et cupiditate voluptatem unde ','West Wilmerburgh','Wallis and Futuna'),(62,'f','1997-02-27',67326393,'Aut tempora suscipit adipisci ','Joycefort','United States Minor Outlying Islands'),(63,'f','1986-11-06',238480,'Nulla alias ipsam dolorum veli','West Antonetteburgh','Turkey'),(64,'f','1980-01-01',51728498,'Sed exercitationem hic officii','Dooleyberg','Iceland'),(65,'f','1971-06-15',3039,'Aliquid debitis nesciunt unde ','Port Margarettestad','Sierra Leone'),(66,'f','2011-02-26',307954,'Sed non nesciunt saepe porro v','Lemuelmouth','Tokelau'),(67,'f','2012-06-12',32382,'Veritatis cum enim cumque. Qui','Martinehaven','Singapore'),(69,'m','1976-11-25',126,'Neque laboriosam ipsa sit hic.','Bernhardmouth','Western Sahara'),(70,'m','2003-08-20',86440,'Animi quis et vel adipisci qui','Champlinville','Panama'),(72,'f','1994-10-21',188201,'Qui cupiditate repellat conseq','South Norene','Philippines'),(73,'f','2019-07-09',22,'Vero ea consequatur sunt tenet','South Stevieside','New Caledonia'),(75,'f','1982-07-26',42,'Id aliquam tempora distinctio ','Quigleyborough','Cote d\'Ivoire'),(76,'m','1971-01-15',1412353,'Eum cum quis non hic. Est comm','Hickleberg','Mali'),(77,'f','1990-12-13',14283,'Incidunt voluptatem nesciunt e','New Minachester','Algeria'),(78,'f','1996-10-22',29768247,'Tempora aspernatur nulla eius ','Greenchester','Niue'),(79,'f','1997-03-31',24392616,'Ipsum reprehenderit ut perspic','Russelmouth','Saint Kitts and Nevis'),(80,'m','2004-01-14',103262195,'Harum et sit facilis omnis off','East Arielmouth','Germany'),(82,'f','1983-03-28',239372,'Est ea ea nobis earum natus ap','North Hyman','Nauru'),(83,'f','1985-09-26',7023,'Atque voluptatum sint ducimus ','East Brandt','Honduras'),(84,'m','2002-09-29',5404427,'Non recusandae omnis ratione e','North Dorrishaven','Bahrain'),(85,'f','1982-02-22',6,'Doloremque reiciendis incidunt','Adeleland','Martinique'),(86,'f','1986-04-16',362,'Placeat ab hic saepe. Labore r','New Laurianne','Georgia'),(87,'f','2014-07-28',28431906,'Nostrum beatae blanditiis assu','East Montanastad','Aruba'),(89,'f','1992-10-08',5440,'Autem quasi omnis occaecati su','Letatown','Jordan'),(90,'m','1991-03-30',130,'Dolorem qui in id et explicabo','East Crystelbury','Iraq'),(91,'m','2018-09-19',109239180,'Tempore provident sit labore o','Boyerville','Saint Helena'),(93,'m','2007-04-02',1162,'Odio fuga qui enim ipsum quis.','Daughertyfurt','Zambia'),(94,'m','1974-05-04',511060,'Ut mollitia perferendis iste d','North Tinaview','Philippines'),(95,'f','1984-09-13',225,'Ipsam rerum libero perferendis','Kochside','Brunei Darussalam'),(96,'m','1993-06-24',4121,'Nihil veniam ullam vel occaeca','Port Evanberg','Gibraltar'),(97,'f','1988-12-19',32803,'Voluptatum occaecati ut non it','New Earnestinestad','Mali'),(98,'m','1983-08-24',747188,'Eos praesentium nihil fugit ev','Lake Freddystad','Nepal'),(99,'m','2020-05-31',5,'Aut iusto sunt est reprehender','Bayerview','Tuvalu'),(100,'m','2014-10-24',6916489,'Cum ut possimus sed omnis eos ','Port Maynardberg','Anguilla');
/*!40000 ALTER TABLE `profiles` ENABLE KEYS */;
UNLOCK TABLES;

--
-- Table structure for table `users`
--

DROP TABLE IF EXISTS `users`;
/*!40101 SET @saved_cs_client     = @@character_set_client */;
/*!40101 SET character_set_client = utf8 */;
CREATE TABLE `users` (
  `id` bigint(20) unsigned NOT NULL AUTO_INCREMENT,
  `first_name` varchar(145) COLLATE utf8mb4_unicode_ci NOT NULL,
  `last_name` varchar(145) COLLATE utf8mb4_unicode_ci NOT NULL,
  `email` varchar(145) COLLATE utf8mb4_unicode_ci NOT NULL,
  `phone` varchar(11) COLLATE utf8mb4_unicode_ci DEFAULT NULL,
  `password_hash` char(65) COLLATE utf8mb4_unicode_ci DEFAULT NULL,
  `created_at` datetime NOT NULL DEFAULT current_timestamp(),
  PRIMARY KEY (`id`),
  UNIQUE KEY `email_unique` (`email`),
  UNIQUE KEY `phone_unique` (`phone`)
) ENGINE=InnoDB AUTO_INCREMENT=101 DEFAULT CHARSET=utf8mb4 COLLATE=utf8mb4_unicode_ci;
/*!40101 SET character_set_client = @saved_cs_client */;

--
-- Dumping data for table `users`
--

LOCK TABLES `users` WRITE;
/*!40000 ALTER TABLE `users` DISABLE KEYS */;
INSERT INTO `users` VALUES (1,'Monroe','Hansen','ngreenholt@example.com','438.009.808','e8da87db677ae9ec17d5baa77843c8eb4cb817c4','1979-10-29 13:57:39'),(2,'Marion','Kuvalis','gutkowski.troy@example.com','(128)782-36','2c8bdbe4e31e33e40ac35f5af4127e752efb968d','2005-03-30 07:54:07'),(3,'Gus','Green','muhammad03@example.org','(730)620-90','90e356c57a269972b94aad412a5fb191886052f1','1971-07-02 00:26:18'),(4,'Jonathan','Treutel','hbauch@example.org','1-540-093-7','76876d8712793e4e09d9be4123ac6e20f5353760','2005-04-09 08:44:20'),(5,'Green','Dooley','konopelski.ilene@example.com','1-737-227-6','40508778dfd9875e077d9bbb63eb3415fcf6f21d','2008-12-18 00:34:15'),(6,'Lydia','Rolfson','ike67@example.net','+61(8)90439','df0fb1368803e2eadb81d50bd1642c8cab985209','1980-08-14 03:22:38'),(7,'Mellie','Walker','von.oleta@example.com','1-701-558-3','6ddf553330b99845c9f625ef11214f9f3246a59e','1993-08-08 20:16:01'),(8,'Consuelo','Kohler','sdooley@example.org','102-681-430','df6c47160f5c7be1d880b695e26fe1db5d324d83','1990-03-14 05:25:51'),(9,'Rowland','Cummings','cyrus.smitham@example.net','(856)966-45','d53c5021f8b6cc67a7bbed9defd1a470404630c2','1991-06-08 22:11:28'),(10,'Dena','Walter','corrine00@example.net','460.503.543','1d86351e41e05954810ffae6b34d1d4ca3e37cee','1989-01-04 21:42:49'),(11,'Julius','Champlin','efeil@example.com','04754125890','42d5cfe110ed33b60cdbefbbb25298ed9d673e60','1996-12-31 10:27:21'),(12,'Abigale','Dare','christy40@example.com','1-959-598-6','4fbcfdc270d5be1031f62079d56888de1d03ee59','1994-04-26 19:36:39'),(13,'Cleve','Shanahan','chelsie.nienow@example.net','765.311.685','7df7ac47710fbcc654503eda4ad113c1c6b97942','1984-05-18 09:45:50'),(14,'Audrey','Leannon','laura.o\'connell@example.org','372.057.075','40f4091f94907b9df604d784f6f88cc0023f3fe4','1977-04-03 01:08:21'),(15,'Willy','Reichel','rowe.alvina@example.com','+87(2)85852','9b7f9e5a6ab3d05bfaabd0f1a16027a86c1bd729','2011-05-30 06:53:07'),(16,'Abbey','McClure','lourdes.tillman@example.com','468.937.025','78452ebb23f2a4904af58c62de56893e1ff5e0d7','1999-10-21 15:43:24'),(17,'Frederik','Morissette','ebert.gayle@example.org','1-701-066-5','5c56ce71de669f1e80f0a504962410bba69c4576','2012-05-06 02:36:12'),(18,'Clotilde','Romaguera','henry.krajcik@example.net','1-837-678-1','0218535db05f6efc9f94974893c44b7ee67a5ab1','2002-05-17 17:20:49'),(19,'Sheila','Gulgowski','hagenes.kathleen@example.net','786-165-245','95f79a1133b8dd4f39768597fb6654903dea8fba','1971-10-09 07:39:22'),(20,'Kiara','Keebler','zackery39@example.org','+56(0)12575','f97759366e74be8a20b41ebaea223311e2b2d122','1985-07-25 02:09:10'),(21,'Johan','Muller','fhermiston@example.com','1-392-514-0','d6c7f23d20a377462fced39784972a277ec4fced','1991-08-29 12:51:27'),(22,'Jay','Hauck','yemmerich@example.com','+25(0)62735','b1080a4d21f3124da996143352f89d62a0d29f58','2010-02-05 13:39:41'),(23,'Bettye','Emard','rosalind.keebler@example.net','660-516-115','6430dcfbcc82c95a56d80bbd648f65dcee0400f9','1995-06-14 08:27:19'),(24,'Willow','Prohaska','dion05@example.org','300-778-251','f37abdc9ced8e57ae8c3f93d42323bf17b4bda7a','2012-09-16 13:56:22'),(25,'Leanna','Daugherty','qnitzsche@example.org','(015)977-25','4d8938a025bb66337c1b541b21af9e8772ee14ac','1975-09-14 12:15:07'),(26,'Vergie','Borer','elwin.auer@example.org','(756)369-07','4878d2ef11db385fef6b3224fda174803a463711','1970-06-13 12:46:25'),(27,'Ryley','Kuhlman','ryley.kshlerin@example.com','1-057-286-6','5a57df0ca4641df75593c1fefa66d80bc10e8899','2013-02-23 10:13:06'),(28,'Monty','Marks','cleo.luettgen@example.com','1-304-552-3','7e12882ca64f1105f95f00eb18b8da292e42c3a0','1982-05-01 01:25:29'),(29,'Belle','Lowe','beryl.macejkovic@example.net','(949)646-14','51880d013fb280492ad63996e3d62d2761b5cee0','2015-02-05 17:10:53'),(30,'Enoch','Beatty','judge65@example.org','453-916-711','c48b5fe56693ccfe0dae68fa28353272326d38bf','1982-07-13 17:08:09'),(31,'Darien','Morar','aschneider@example.net','1-245-806-2','5fec36bfa67b20fd9fb604b7dc76ccc9ab559b0b','2017-01-21 16:25:04'),(32,'Lindsay','Lebsack','allison51@example.com','1-877-516-2','afa48a2d62c0595c5e5b465f0b0bebb50beb028c','2020-11-24 15:11:00'),(33,'Haley','Larkin','elsie29@example.org','1-352-273-9','b47f5baf79ad4ad5d363407011a357b59915be7b','1985-04-15 22:42:10'),(34,'Ellsworth','Konopelski','jalen.kunde@example.net','684-856-062','f09300c728467ac2695284e38144a1c24c65a1ee','1997-11-23 19:51:21'),(35,'Hyman','Leannon','emory31@example.org','(391)773-36','f84f62ce454aeba3cafd9818c505d9072ab1537a','1990-09-09 10:37:24'),(36,'Robin','Windler','alexa18@example.net','1-312-633-5','f1fade06e62bcc1e5e2eb12c1d762d95a4e50e0e','1999-10-10 08:52:15'),(37,'Dax','Roob','ally.powlowski@example.com','(497)082-61','88387f61b71bfadc340b500fe0f377733d149096','1994-11-10 08:32:58'),(38,'Kathryn','Haag','turcotte.luis@example.org','+86(4)89299','a6beb7e6670a87c2626ac865d4fda012ca5d57cf','1972-07-15 21:51:19'),(39,'Hassan','Wisoky','torey.predovic@example.org','249.392.692','d3ad6d4d901b0bd45dc1c5be42e121f7f6cf71d4','1973-08-05 03:25:54'),(40,'Juana','Nader','sauer.moshe@example.net','(620)007-98','3b0bcd1422578dfc84fc27ea92560073a8ac7109','1978-11-19 16:20:46'),(41,'Michele','Mosciski','huels.rigoberto@example.net','(516)394-09','3253967a389c92dfd24ca77f0ffa33b1b3efafe4','2005-11-16 07:21:44'),(42,'Hope','Shields','ogutmann@example.org','681.917.812','3f4c9f0ec8da4ee30323531d3f7931f5ab629f8b','2018-04-08 02:06:03'),(43,'Lorena','Kub','berniece49@example.com','199-654-489','80c7db0194554a9324a594460801ac2599bc797a','2018-05-29 19:31:29'),(44,'Cecelia','Leannon','haleigh75@example.com','02914262723','f46916afe57a3c448a79654e174276fbc913c8ca','2012-09-15 15:23:13'),(45,'Abdul','Waelchi','qpaucek@example.net','529-236-974','4267dac022461076393b357e2fa8af3c778ebc25','1988-06-25 10:42:39'),(46,'Gabrielle','Funk','oeffertz@example.net','+25(7)64086','5e21b56fdb841a5ca6133b0195cb6924f87a86e7','1980-09-07 23:43:28'),(47,'Abigail','Keebler','buck.boyle@example.org','811.105.168','6186365344fd5eca9de2d3380dfc15316b18cde1','1970-04-26 22:03:03'),(48,'Jared','Lakin','hoeger.trinity@example.com','(865)395-76','e76962930ac7b66b6bc01c1376a2b10946085d09','1985-08-31 20:06:13'),(49,'Rhoda','Mraz','vtillman@example.net','880-957-051','25e08bb717e0bba247492508825e58a1ab52e07f','1975-09-26 04:23:57'),(50,'Elwin','Witting','daisy.walter@example.org','706-875-251','7c90e139c57d96c58c88381a5ee00de34a641993','2009-06-10 12:22:15'),(51,'Tanya','Wuckert','pfarrell@example.net','1-145-347-5','26d594c121c8ef5eddcc46901df6b69348852643','2005-12-11 15:06:48'),(52,'Kolby','Murazik','hparker@example.org','1-740-164-3','b540ca842698d1308a087e2d40b0cbc2fdc17ead','2008-07-20 18:05:52'),(53,'Heidi','Roberts','ladarius.o\'reilly@example.com','(580)928-76','787bc0d22f11ae6f4931eab22e65527e41bc8ece','2011-03-30 04:03:06'),(54,'Caroline','Bernier','katharina.kiehn@example.org','066.287.980','9856545effeedb52cfcd495d20302afe6bd39fc1','1996-02-03 20:20:32'),(55,'Adrienne','Carroll','pwilliamson@example.com','(142)869-70','63f7867c3878abd75daf1a89ff91aafb905ea3bc','1990-07-29 02:08:37'),(56,'Irma','Gaylord','hlindgren@example.net','432.278.706','350d3fbe971c96b0106bd20ec967548f12c613b5','1986-10-14 05:15:46'),(57,'River','Heller','watsica.katrine@example.com','1-130-388-3','60019717bc7bf593b672400eec60286e11fd3d72','2012-12-08 01:51:44'),(58,'Griffin','Kozey','cvon@example.com','+68(0)14336','299de9a277abf71f6fd106714fcc14f168170c60','1970-12-20 18:29:11'),(59,'Betty','Ruecker','luis.kovacek@example.net','094-869-142','7d6e6b8032be29aefd6b42322f38b280c5961f89','2013-05-18 21:10:13'),(60,'Kyle','Botsford','aufderhar.janiya@example.com','+15(2)39770','a4d92282fc5b98a6d77e0ea5d91d428e7be491ab','2009-08-31 12:46:57'),(61,'Sienna','Johnson','jonatan89@example.org','797.864.361','aa24376a9944384494e1a382a6145b766532af6e','1996-08-26 23:45:15'),(62,'Joyce','McLaughlin','brant07@example.com','(079)966-97','41fbf09c534aa02bb488618f23bb093f3ba02114','2002-11-01 09:54:37'),(63,'Kaden','Ebert','skassulke@example.org','02108474337','2049be974da3afa2050220521aa25009cfc66c09','1983-02-17 21:17:33'),(64,'Nova','Jaskolski','kiehn.bailey@example.net','421-023-560','41dd52e9fb2c6c21d1895f69d124055cfb6d529e','1981-05-25 05:31:47'),(65,'Joyce','VonRueden','rgaylord@example.org','540.860.612','36399496d6ed61204a28a48aff3890c84c4381f1','1995-01-04 22:55:02'),(66,'Jeramie','Kihn','wellington.kertzmann@example.org','341-431-381','21d73187fc72029da4bde63d52380eec08c9ab0b','2002-12-31 10:23:22'),(67,'Phoebe','O\'Keefe','johan.predovic@example.net','1-258-983-4','cdcb5c4ff902dcb05dee59c608786b1bfda5784a','1973-10-19 20:34:59'),(68,'Clemmie','Wyman','price.pasquale@example.com','376.037.758','750e40ff93ad3699b86012023b5a75f53465ff70','2001-10-05 20:48:49'),(69,'Kolby','Abshire','rebekah.botsford@example.org','+92(3)04578','63f33270f55cbbaa5fddc4c255add155ffe58352','1978-10-04 02:33:31'),(70,'Amalia','Spinka','dbeatty@example.net','1-251-878-2','c7adb6b3e1f57e281bf25ca0d28f22f4353ca574','1990-07-27 04:37:12'),(71,'Cory','Altenwerth','kyra50@example.com','041-544-957','0f0e49312a300ad7c8ae67bdca8f54a3ad25835d','1975-02-28 11:08:18'),(72,'Dereck','Hoeger','tzieme@example.org','(551)557-85','a49a718e268ddbfc869cb7febc253a85a1134067','1975-11-01 11:34:03'),(73,'Damon','Altenwerth','lexi.robel@example.net','1-937-077-4','287d9794fd99b497d7ccd6c946170ffac8fd273e','2018-02-11 12:33:48'),(74,'Domenic','Volkman','haylie.wisoky@example.com','06916938685','b3d267b46726cd98922863126b098826dac82287','1996-06-10 17:20:36'),(75,'Flo','Bogan','carlie.hackett@example.net','1-646-197-5','2fbd655b44a99299cda02d24804837ca1a66aa62','2015-05-28 19:09:47'),(76,'Earlene','Batz','leuschke.angelita@example.org','+17(1)12243','17b7149802424c9a320c5ad1a581e6d32db5a4cb','2009-01-03 18:10:30'),(77,'Nella','Kilback','russel.eulah@example.net','04710318204','f735544489ece9c9951201b9f520ff432f04447d','2005-06-29 07:26:36'),(78,'German','Botsford','stoltenberg.barrett@example.net','(178)921-08','f60fcf6adc91d42eb2694b6fb8d39968a5861b4c','1976-10-28 10:44:34'),(79,'Chelsea','Heller','wilhelmine.larson@example.net','929-745-525','d1d2d98aa0fc7cb249019102364c5bf7fdb3fe5f','1984-01-19 16:40:41'),(80,'Ima','Klocko','deon26@example.net','1-296-615-1','8720ed50092188331bfe38b7763b3986ca18d412','1983-12-20 06:13:31'),(81,'Chasity','Considine','elisha90@example.org','804.517.017','5ef9a66db9a1e9c3752decf5fa1550943c29b0d0','1978-03-31 13:23:31'),(82,'George','Homenick','rose62@example.org','1-896-086-3','7ff256c2ad3800b4be3508bb5954a9fc274a912d','2016-07-05 13:55:19'),(83,'Stephany','Emmerich','kenton.windler@example.com','(216)937-13','a3f00b112df7d9ae19651cba9eafaae08b3f0a3a','1981-11-11 07:42:47'),(84,'Kallie','Brakus','huels.alek@example.org','1-042-933-0','cb00eb3efdd7ba53190c8939ea0542ca88fd115c','1991-08-28 08:51:53'),(85,'Rosella','Mosciski','noemi38@example.org','(001)622-49','9d210ab8b6dfb39c64f786296d8f6cd3a0115734','2000-09-20 11:42:36'),(86,'Dallin','Fritsch','ricky12@example.net','+00(4)49168','348a75854ad6c3cd3d9d55bc927758699d7962f3','1986-11-12 04:50:12'),(87,'Vernon','Blanda','bernie.shanahan@example.net','(427)937-89','ac7202e13ac1661860ce04a94aa837874d2c51ea','2001-02-19 03:02:18'),(88,'Ernesto','Reichert','ashleigh91@example.org','485-183-949','e4211f513469c785752d51c9e84542ab666fb4de','2013-07-08 23:02:59'),(89,'Van','Kohler','xavier.windler@example.org','+48(7)77531','b74737aa0835ec1abb05270b439fda9b0f407234','1975-08-23 07:28:37'),(90,'Jazmyn','Kulas','vsteuber@example.net','(928)121-12','a6019395a3bdddd9ed9a803b0b13ec063fe7d114','2003-06-29 13:04:26'),(91,'Maymie','Jacobs','romaguera.dean@example.org','1-745-026-0','3dc016f0d40691af2ab9ab59a37541732b786e24','2012-04-19 16:10:23'),(92,'Violette','Hammes','ijaskolski@example.org','(609)750-85','76aa598ad725eb6ac026717732ff1e8f74f10fce','2000-04-05 13:52:26'),(93,'Arely','Stamm','aileen86@example.com','896.767.818','5a935ade58faf19df6d6349a57bd9f415e934542','2005-02-14 09:25:55'),(94,'Karley','Feil','derrick.stark@example.org','904-305-523','2fb435c6c2018d115b40d58ba566571c1c5a1aea','1970-02-06 09:00:28'),(95,'Dameon','Witting','pturner@example.org','744.236.630','110c18c86ba90d58a56bc1cee8190f0cc0b1e2fc','1972-03-19 11:48:24'),(96,'Eliza','Stiedemann','hermiston.dimitri@example.net','(353)428-13','d0d46b46bbfee0db8fe3a332b49558d63d9e3d77','2008-10-03 18:03:50'),(97,'Arely','O\'Conner','ed.hamill@example.com','558.504.786','3826a835dc7441eb1d84a6bce34273ec1df9dc27','1975-11-19 15:23:21'),(98,'Merlin','Bosco','verner.weimann@example.net','239-586-562','8f47163aba60f9d777a424066187046379d7298b','1974-02-18 17:53:56'),(99,'Rene','Prohaska','zaria.rohan@example.com','571-836-680','9efdbb3f6ecff7fb3d7475844798c09b4620dd94','1995-07-15 20:22:27'),(100,'Julia','Walsh','lionel52@example.org','1-967-265-6','b0df713dd9fe7034e27dcc6c83efecb971e3790d','1986-04-15 01:02:24');
/*!40000 ALTER TABLE `users` ENABLE KEYS */;
UNLOCK TABLES;
/*!40103 SET TIME_ZONE=@OLD_TIME_ZONE */;

/*!40101 SET SQL_MODE=@OLD_SQL_MODE */;
/*!40014 SET FOREIGN_KEY_CHECKS=@OLD_FOREIGN_KEY_CHECKS */;
/*!40014 SET UNIQUE_CHECKS=@OLD_UNIQUE_CHECKS */;
/*!40101 SET CHARACTER_SET_CLIENT=@OLD_CHARACTER_SET_CLIENT */;
/*!40101 SET CHARACTER_SET_RESULTS=@OLD_CHARACTER_SET_RESULTS */;
/*!40101 SET COLLATION_CONNECTION=@OLD_COLLATION_CONNECTION */;
/*!40111 SET SQL_NOTES=@OLD_SQL_NOTES */;

-- Dump completed on 2021-03-22 15:20:00
